week,home_abbr,away_abbr,location,team,median_spread,median_spread_price,median_total,median_total_price,last_update_api,game
1,Philadelphia Eagles,Dallas Cowboys,away,Dallas Cowboys,7,-110,46.5,-110,2025-07-03T20:03:48Z,Dallas Cowboys@Philadelphia Eagles
1,Philadelphia Eagles,Dallas Cowboys,home,Philadelphia Eagles,-7,-108,46.5,-110,2025-07-03T20:03:48Z,Dallas Cowboys@Philadelphia Eagles
1,Los Angeles Chargers,Kansas City Chiefs,away,Kansas City Chiefs,-2.5,-112.5,45.5,-110,2025-07-03T20:03:48Z,Kansas City Chiefs@Los Angeles Chargers
1,Los Angeles Chargers,Kansas City Chiefs,home,Los Angeles Chargers,2.5,-106.5,45.5,-110,2025-07-03T20:03:48Z,Kansas City Chiefs@Los Angeles Chargers
1,New Orleans Saints,Arizona Cardinals,away,Arizona Cardinals,-6,-110,42.5,-110,2025-07-03T20:03:48Z,Arizona Cardinals@New Orleans Saints
1,New Orleans Saints,Arizona Cardinals,home,New Orleans Saints,6,-110,42.5,-110,2025-07-03T20:03:48Z,Arizona Cardinals@New Orleans Saints
1,Atlanta Falcons,Tampa Bay Buccaneers,home,Atlanta Falcons,2.5,-105.5,49,-111,2025-07-03T20:03:48Z,Tampa Bay Buccaneers@Atlanta Falcons
1,Atlanta Falcons,Tampa Bay Buccaneers,away,Tampa Bay Buccaneers,-2.5,-112.5,49,-111,2025-07-03T20:03:48Z,Tampa Bay Buccaneers@Atlanta Falcons
1,Jacksonville Jaguars,Carolina Panthers,away,Carolina Panthers,2.5,-2.5,46.5,-110,2025-07-03T20:03:48Z,Carolina Panthers@Jacksonville Jaguars
1,Jacksonville Jaguars,Carolina Panthers,home,Jacksonville Jaguars,-2.5,-117,46.5,-110,2025-07-03T20:03:48Z,Carolina Panthers@Jacksonville Jaguars
1,Cleveland Browns,Cincinnati Bengals,away,Cincinnati Bengals,-5.5,-110,44.5,-110,2025-07-03T20:03:48Z,Cincinnati Bengals@Cleveland Browns
1,Cleveland Browns,Cincinnati Bengals,home,Cleveland Browns,5.5,-110,44.5,-110,2025-07-03T20:03:48Z,Cincinnati Bengals@Cleveland Browns
1,Indianapolis Colts,Miami Dolphins,home,Indianapolis Colts,1,-109.5,46.5,-110,2025-07-03T20:03:48Z,Miami Dolphins@Indianapolis Colts
1,Indianapolis Colts,Miami Dolphins,away,Miami Dolphins,-1,-110,46.5,-110,2025-07-03T20:03:48Z,Miami Dolphins@Indianapolis Colts
1,New England Patriots,Las Vegas Raiders,away,Las Vegas Raiders,3,-114,42.5,-110,2025-07-03T20:03:48Z,Las Vegas Raiders@New England Patriots
1,New England Patriots,Las Vegas Raiders,home,New England Patriots,-3,-107,42.5,-110,2025-07-03T20:03:48Z,Las Vegas Raiders@New England Patriots
1,Washington Commanders,New York Giants,away,New York Giants,6.5,-110,46.25,-110,2025-07-03T20:03:48Z,New York Giants@Washington Commanders
1,Washington Commanders,New York Giants,home,Washington Commanders,-6.5,-110,46.25,-110,2025-07-03T20:03:48Z,New York Giants@Washington Commanders
1,New York Jets,Pittsburgh Steelers,home,New York Jets,3,-118,39.5,-110,2025-07-03T20:03:48Z,Pittsburgh Steelers@New York Jets
1,New York Jets,Pittsburgh Steelers,away,Pittsburgh Steelers,-3,-104,39.5,-110,2025-07-03T20:03:48Z,Pittsburgh Steelers@New York Jets
1,Denver Broncos,Tennessee Titans,home,Denver Broncos,-7.5,-110,41.5,-110,2025-07-03T20:03:48Z,Tennessee Titans@Denver Broncos
1,Denver Broncos,Tennessee Titans,away,Tennessee Titans,7.5,-107.5,41.5,-110,2025-07-03T20:03:48Z,Tennessee Titans@Denver Broncos
1,Seattle Seahawks,San Francisco 49ers,away,San Francisco 49ers,-1.5,-110,45.5,-110,2025-07-03T20:03:48Z,San Francisco 49ers@Seattle Seahawks
1,Seattle Seahawks,San Francisco 49ers,home,Seattle Seahawks,1.5,-110,45.5,-110,2025-07-03T20:03:48Z,San Francisco 49ers@Seattle Seahawks
1,Green Bay Packers,Detroit Lions,away,Detroit Lions,1.75,-110,49.5,-110,2025-07-03T20:03:48Z,Detroit Lions@Green Bay Packers
1,Green Bay Packers,Detroit Lions,home,Green Bay Packers,-1.75,-110,49.5,-110,2025-07-03T20:03:48Z,Detroit Lions@Green Bay Packers
1,Los Angeles Rams,Houston Texans,away,Houston Texans,3,-110,45.75,-110,2025-07-03T20:03:48Z,Houston Texans@Los Angeles Rams
1,Los Angeles Rams,Houston Texans,home,Los Angeles Rams,-3,-110,45.75,-110,2025-07-03T20:03:48Z,Houston Texans@Los Angeles Rams
1,Buffalo Bills,Baltimore Ravens,away,Baltimore Ravens,1.5,-112,51.75,-110,2025-07-03T20:03:48Z,Baltimore Ravens@Buffalo Bills
1,Buffalo Bills,Baltimore Ravens,home,Buffalo Bills,-1.5,-107.5,51.75,-110,2025-07-03T20:03:48Z,Baltimore Ravens@Buffalo Bills
1,Chicago Bears,Minnesota Vikings,home,Chicago Bears,-1,-107.5,44.25,-110,2025-07-03T20:03:48Z,Minnesota Vikings@Chicago Bears
1,Chicago Bears,Minnesota Vikings,away,Minnesota Vikings,1,-111,44.25,-110,2025-07-03T20:03:48Z,Minnesota Vikings@Chicago Bears
2,Green Bay Packers,Washington Commanders,home,Green Bay Packers,-1.5,-111,48.5,-110,2025-07-03T20:03:48Z,Washington Commanders@Green Bay Packers
2,Green Bay Packers,Washington Commanders,away,Washington Commanders,1.5,-109,48.5,-110,2025-07-03T20:03:48Z,Washington Commanders@Green Bay Packers
2,Baltimore Ravens,Cleveland Browns,home,Baltimore Ravens,-12.5,-110,44.5,-110,2025-07-03T20:03:48Z,Cleveland Browns@Baltimore Ravens
2,Baltimore Ravens,Cleveland Browns,away,Cleveland Browns,12.5,-110,44.5,-110,2025-07-03T20:03:48Z,Cleveland Browns@Baltimore Ravens
2,New York Jets,Buffalo Bills,away,Buffalo Bills,-8.5,-110,44.5,-110,2025-07-03T20:03:23Z,Buffalo Bills@New York Jets
2,New York Jets,Buffalo Bills,home,New York Jets,8.5,-110,44.5,-110,2025-07-03T20:03:23Z,Buffalo Bills@New York Jets
2,Detroit Lions,Chicago Bears,away,Chicago Bears,4.5,-107.5,48.5,-110,2025-07-03T20:03:15Z,Chicago Bears@Detroit Lions
2,Detroit Lions,Chicago Bears,home,Detroit Lions,-4.5,-112.5,48.5,-110,2025-07-03T20:03:15Z,Chicago Bears@Detroit Lions
2,Cincinnati Bengals,Jacksonville Jaguars,home,Cincinnati Bengals,-5.5,-110,49.5,-107.5,2025-07-03T20:03:48Z,Jacksonville Jaguars@Cincinnati Bengals
2,Cincinnati Bengals,Jacksonville Jaguars,away,Jacksonville Jaguars,5.5,-110,49.5,-107.5,2025-07-03T20:03:48Z,Jacksonville Jaguars@Cincinnati Bengals
2,Dallas Cowboys,New York Giants,home,Dallas Cowboys,-4.5,-102,44.5,-110,2025-07-03T20:03:48Z,New York Giants@Dallas Cowboys
2,Dallas Cowboys,New York Giants,away,New York Giants,4.5,-118,44.5,-110,2025-07-03T20:03:48Z,New York Giants@Dallas Cowboys
2,Tennessee Titans,Los Angeles Rams,away,Los Angeles Rams,-5.75,-5,45.5,-110,2025-07-03T20:03:48Z,Los Angeles Rams@Tennessee Titans
2,Tennessee Titans,Los Angeles Rams,home,Tennessee Titans,5.75,-115,45.5,-110,2025-07-03T20:03:48Z,Los Angeles Rams@Tennessee Titans
2,Miami Dolphins,New England Patriots,home,Miami Dolphins,-2.5,-110,45.5,-110,2025-07-03T20:03:48Z,New England Patriots@Miami Dolphins
2,Miami Dolphins,New England Patriots,away,New England Patriots,2.5,-110,45.5,-110,2025-07-03T20:03:48Z,New England Patriots@Miami Dolphins
2,New Orleans Saints,San Francisco 49ers,home,New Orleans Saints,7,-107.5,44.5,-110,2025-07-03T20:03:48Z,San Francisco 49ers@New Orleans Saints
2,New Orleans Saints,San Francisco 49ers,away,San Francisco 49ers,-7,-112.5,44.5,-110,2025-07-03T20:03:48Z,San Francisco 49ers@New Orleans Saints
2,Pittsburgh Steelers,Seattle Seahawks,home,Pittsburgh Steelers,-1.25,-112.5,42.5,-110,2025-07-03T20:03:48Z,Seattle Seahawks@Pittsburgh Steelers
2,Pittsburgh Steelers,Seattle Seahawks,away,Seattle Seahawks,1.25,-107.5,42.5,-110,2025-07-03T20:03:48Z,Seattle Seahawks@Pittsburgh Steelers
2,Arizona Cardinals,Carolina Panthers,home,Arizona Cardinals,-4.5,-110,46.5,-110,2025-07-03T20:03:48Z,Carolina Panthers@Arizona Cardinals
2,Arizona Cardinals,Carolina Panthers,away,Carolina Panthers,4.5,-110,46.5,-110,2025-07-03T20:03:48Z,Carolina Panthers@Arizona Cardinals
2,Indianapolis Colts,Denver Broncos,away,Denver Broncos,-3.5,-110,44.5,-110,2025-07-03T20:03:48Z,Denver Broncos@Indianapolis Colts
2,Indianapolis Colts,Denver Broncos,home,Indianapolis Colts,3.5,-110,44.5,-110,2025-07-03T20:03:48Z,Denver Broncos@Indianapolis Colts
2,Kansas City Chiefs,Philadelphia Eagles,home,Kansas City Chiefs,-1.5,-110,46.5,-110,2025-07-03T20:03:48Z,Philadelphia Eagles@Kansas City Chiefs
2,Kansas City Chiefs,Philadelphia Eagles,away,Philadelphia Eagles,1.5,-110,46.5,-110,2025-07-03T20:03:48Z,Philadelphia Eagles@Kansas City Chiefs
2,Minnesota Vikings,Atlanta Falcons,away,Atlanta Falcons,4.5,-112.5,45.5,-110,2025-07-03T20:03:48Z,Atlanta Falcons@Minnesota Vikings
2,Minnesota Vikings,Atlanta Falcons,home,Minnesota Vikings,-4.5,-107.5,45.5,-110,2025-07-03T20:03:48Z,Atlanta Falcons@Minnesota Vikings
2,Houston Texans,Tampa Bay Buccaneers,home,Houston Texans,-1.25,-114,46.5,-110,2025-07-03T20:03:48Z,Tampa Bay Buccaneers@Houston Texans
2,Houston Texans,Tampa Bay Buccaneers,away,Tampa Bay Buccaneers,1.25,-6,46.5,-110,2025-07-03T20:03:48Z,Tampa Bay Buccaneers@Houston Texans
2,Las Vegas Raiders,Los Angeles Chargers,home,Las Vegas Raiders,3,-110,44.5,-110,2025-07-03T20:03:48Z,Los Angeles Chargers@Las Vegas Raiders
2,Las Vegas Raiders,Los Angeles Chargers,away,Los Angeles Chargers,-3,-110,44.5,-110,2025-07-03T20:03:48Z,Los Angeles Chargers@Las Vegas Raiders
3,Buffalo Bills,Miami Dolphins,home,Buffalo Bills,-8.5,-110,48.5,-110,2025-07-03T20:03:04Z,Miami Dolphins@Buffalo Bills
3,Buffalo Bills,Miami Dolphins,away,Miami Dolphins,8.5,-110,48.5,-110,2025-07-03T20:03:04Z,Miami Dolphins@Buffalo Bills
3,Carolina Panthers,Atlanta Falcons,away,Atlanta Falcons,1.25,-111,46.5,-110,2025-07-03T20:03:48Z,Atlanta Falcons@Carolina Panthers
3,Carolina Panthers,Atlanta Falcons,home,Carolina Panthers,-1.25,-109,46.5,-110,2025-07-03T20:03:48Z,Atlanta Falcons@Carolina Panthers
3,Minnesota Vikings,Cincinnati Bengals,away,Cincinnati Bengals,1.25,-110,47.5,-115,2025-07-03T20:03:48Z,Cincinnati Bengals@Minnesota Vikings
3,Minnesota Vikings,Cincinnati Bengals,home,Minnesota Vikings,-1.25,-110,47.5,-115,2025-07-03T20:03:48Z,Cincinnati Bengals@Minnesota Vikings
3,Cleveland Browns,Green Bay Packers,home,Cleveland Browns,5.75,-10,43.5,-105,2025-07-03T20:03:48Z,Green Bay Packers@Cleveland Browns
3,Cleveland Browns,Green Bay Packers,away,Green Bay Packers,-5.75,-10,43.5,-105,2025-07-03T20:03:48Z,Green Bay Packers@Cleveland Browns
3,Jacksonville Jaguars,Houston Texans,away,Houston Texans,-1.25,-114,46.5,-110,2025-07-03T20:03:48Z,Houston Texans@Jacksonville Jaguars
3,Jacksonville Jaguars,Houston Texans,home,Jacksonville Jaguars,1.25,-6,46.5,-110,2025-07-03T20:03:48Z,Houston Texans@Jacksonville Jaguars
3,Tennessee Titans,Indianapolis Colts,away,Indianapolis Colts,1.5,-110,45.5,-107.5,2025-07-03T20:03:48Z,Indianapolis Colts@Tennessee Titans
3,Tennessee Titans,Indianapolis Colts,home,Tennessee Titans,-1.5,-110,45.5,-107.5,2025-07-03T20:03:48Z,Indianapolis Colts@Tennessee Titans
3,Washington Commanders,Las Vegas Raiders,away,Las Vegas Raiders,7.5,-110,47.5,-110,2025-07-03T20:03:48Z,Las Vegas Raiders@Washington Commanders
3,Washington Commanders,Las Vegas Raiders,home,Washington Commanders,-7.5,-110,47.5,-110,2025-07-03T20:03:48Z,Las Vegas Raiders@Washington Commanders
3,Philadelphia Eagles,Los Angeles Rams,away,Los Angeles Rams,4.5,-105,46.5,-110,2025-07-03T20:03:48Z,Los Angeles Rams@Philadelphia Eagles
3,Philadelphia Eagles,Los Angeles Rams,home,Philadelphia Eagles,-4.5,-115,46.5,-110,2025-07-03T20:03:48Z,Los Angeles Rams@Philadelphia Eagles
3,New England Patriots,Pittsburgh Steelers,home,New England Patriots,-1.25,-112.5,43.5,-110,2025-07-03T20:03:48Z,Pittsburgh Steelers@New England Patriots
3,New England Patriots,Pittsburgh Steelers,away,Pittsburgh Steelers,1.25,-107.5,43.5,-110,2025-07-03T20:03:48Z,Pittsburgh Steelers@New England Patriots
3,Tampa Bay Buccaneers,New York Jets,away,New York Jets,7.5,-110,45.5,-110,2025-07-03T20:03:04Z,New York Jets@Tampa Bay Buccaneers
3,Tampa Bay Buccaneers,New York Jets,home,Tampa Bay Buccaneers,-7.5,-110,45.5,-110,2025-07-03T20:03:04Z,New York Jets@Tampa Bay Buccaneers
3,Los Angeles Chargers,Denver Broncos,away,Denver Broncos,1.25,-5,44.5,-110,2025-07-03T20:03:48Z,Denver Broncos@Los Angeles Chargers
3,Los Angeles Chargers,Denver Broncos,home,Los Angeles Chargers,-1.25,-115,44.5,-110,2025-07-03T20:03:48Z,Denver Broncos@Los Angeles Chargers
3,Seattle Seahawks,New Orleans Saints,away,New Orleans Saints,6.5,-105,43.5,-110,2025-07-03T20:03:48Z,New Orleans Saints@Seattle Seahawks
3,Seattle Seahawks,New Orleans Saints,home,Seattle Seahawks,-6.5,-115,43.5,-110,2025-07-03T20:03:48Z,New Orleans Saints@Seattle Seahawks
3,San Francisco 49ers,Arizona Cardinals,away,Arizona Cardinals,3.5,-110,47.5,-112.5,2025-07-03T20:03:48Z,Arizona Cardinals@San Francisco 49ers
3,San Francisco 49ers,Arizona Cardinals,home,San Francisco 49ers,-3.5,-110,47.5,-112.5,2025-07-03T20:03:48Z,Arizona Cardinals@San Francisco 49ers
3,Chicago Bears,Dallas Cowboys,home,Chicago Bears,-3,-110,47.5,-110,2025-07-03T20:03:04Z,Dallas Cowboys@Chicago Bears
3,Chicago Bears,Dallas Cowboys,away,Dallas Cowboys,3,-110,47.5,-110,2025-07-03T20:03:04Z,Dallas Cowboys@Chicago Bears
3,New York Giants,Kansas City Chiefs,away,Kansas City Chiefs,-6.5,-110,43.5,-110,2025-07-03T20:03:48Z,Kansas City Chiefs@New York Giants
3,New York Giants,Kansas City Chiefs,home,New York Giants,6.5,-110,43.5,-110,2025-07-03T20:03:48Z,Kansas City Chiefs@New York Giants
3,Baltimore Ravens,Detroit Lions,home,Baltimore Ravens,-3.5,-115,49.5,-110,2025-07-03T20:03:04Z,Detroit Lions@Baltimore Ravens
3,Baltimore Ravens,Detroit Lions,away,Detroit Lions,3.5,-105,49.5,-110,2025-07-03T20:03:04Z,Detroit Lions@Baltimore Ravens
4,Arizona Cardinals,Seattle Seahawks,home,Arizona Cardinals,-2.5,-108,46.5,-110,2025-07-03T20:03:48Z,Seattle Seahawks@Arizona Cardinals
4,Arizona Cardinals,Seattle Seahawks,away,Seattle Seahawks,2.5,-112,46.5,-110,2025-07-03T20:03:48Z,Seattle Seahawks@Arizona Cardinals
4,Pittsburgh Steelers,Minnesota Vikings,away,Minnesota Vikings,-1.5,-110,42.5,-110,2025-07-03T20:03:48Z,Minnesota Vikings@Pittsburgh Steelers
4,Pittsburgh Steelers,Minnesota Vikings,home,Pittsburgh Steelers,1.5,-110,42.5,-110,2025-07-03T20:03:48Z,Minnesota Vikings@Pittsburgh Steelers
4,Atlanta Falcons,Washington Commanders,home,Atlanta Falcons,3.5,-117.5,48.5,-115,2025-07-03T20:03:48Z,Washington Commanders@Atlanta Falcons
4,Atlanta Falcons,Washington Commanders,away,Washington Commanders,-3.5,-2.5,48.5,-115,2025-07-03T20:03:48Z,Washington Commanders@Atlanta Falcons
4,Buffalo Bills,New Orleans Saints,home,Buffalo Bills,-12.5,-110,46.5,-110,2025-07-03T20:03:04Z,New Orleans Saints@Buffalo Bills
4,Buffalo Bills,New Orleans Saints,away,New Orleans Saints,12.5,-110,46.5,-110,2025-07-03T20:03:04Z,New Orleans Saints@Buffalo Bills
4,New England Patriots,Carolina Panthers,away,Carolina Panthers,3.5,-105,45.5,-110,2025-07-03T20:03:48Z,Carolina Panthers@New England Patriots
4,New England Patriots,Carolina Panthers,home,New England Patriots,-3.5,-115,45.5,-110,2025-07-03T20:03:48Z,Carolina Panthers@New England Patriots
4,Detroit Lions,Cleveland Browns,away,Cleveland Browns,10.5,-112,45.5,-110,2025-07-03T20:03:04Z,Cleveland Browns@Detroit Lions
4,Detroit Lions,Cleveland Browns,home,Detroit Lions,-10.5,-108,45.5,-110,2025-07-03T20:03:04Z,Cleveland Browns@Detroit Lions
4,Houston Texans,Tennessee Titans,home,Houston Texans,-6,-110,44.5,-110,2025-07-03T20:03:48Z,Tennessee Titans@Houston Texans
4,Houston Texans,Tennessee Titans,away,Tennessee Titans,6,-110,44.5,-110,2025-07-03T20:03:48Z,Tennessee Titans@Houston Texans
4,New York Giants,Los Angeles Chargers,away,Los Angeles Chargers,-3.5,-110,43.5,-110,2025-07-03T20:03:48Z,Los Angeles Chargers@New York Giants
4,New York Giants,Los Angeles Chargers,home,New York Giants,3.5,-110,43.5,-110,2025-07-03T20:03:48Z,Los Angeles Chargers@New York Giants
4,Tampa Bay Buccaneers,Philadelphia Eagles,away,Philadelphia Eagles,-1.75,-112.5,48.5,-110,2025-07-03T20:03:48Z,Philadelphia Eagles@Tampa Bay Buccaneers
4,Tampa Bay Buccaneers,Philadelphia Eagles,home,Tampa Bay Buccaneers,1.75,-107.5,48.5,-110,2025-07-03T20:03:48Z,Philadelphia Eagles@Tampa Bay Buccaneers
4,Los Angeles Rams,Indianapolis Colts,away,Indianapolis Colts,6.5,-110,46.5,-110,2025-07-03T20:03:48Z,Indianapolis Colts@Los Angeles Rams
4,Los Angeles Rams,Indianapolis Colts,home,Los Angeles Rams,-6.5,-110,46.5,-110,2025-07-03T20:03:48Z,Indianapolis Colts@Los Angeles Rams
4,San Francisco 49ers,Jacksonville Jaguars,away,Jacksonville Jaguars,5,-6,48.5,-110,2025-07-03T20:03:48Z,Jacksonville Jaguars@San Francisco 49ers
4,San Francisco 49ers,Jacksonville Jaguars,home,San Francisco 49ers,-5,-114,48.5,-110,2025-07-03T20:03:48Z,Jacksonville Jaguars@San Francisco 49ers
4,Kansas City Chiefs,Baltimore Ravens,away,Baltimore Ravens,1.5,-110,48.5,-111,2025-07-03T20:03:48Z,Baltimore Ravens@Kansas City Chiefs
4,Kansas City Chiefs,Baltimore Ravens,home,Kansas City Chiefs,-1.5,-110,48.5,-111,2025-07-03T20:03:48Z,Baltimore Ravens@Kansas City Chiefs
4,Las Vegas Raiders,Chicago Bears,away,Chicago Bears,-1.5,-110,45.5,-110,2025-07-03T20:03:04Z,Chicago Bears@Las Vegas Raiders
4,Las Vegas Raiders,Chicago Bears,home,Las Vegas Raiders,1.5,-110,45.5,-110,2025-07-03T20:03:04Z,Chicago Bears@Las Vegas Raiders
4,Dallas Cowboys,Green Bay Packers,home,Dallas Cowboys,1.25,-4,47.5,-110,2025-07-03T20:03:48Z,Green Bay Packers@Dallas Cowboys
4,Dallas Cowboys,Green Bay Packers,away,Green Bay Packers,-1.25,-116,47.5,-110,2025-07-03T20:03:48Z,Green Bay Packers@Dallas Cowboys
4,Miami Dolphins,New York Jets,home,Miami Dolphins,-5.5,-110,44.5,-110,2025-07-03T20:03:23Z,New York Jets@Miami Dolphins
4,Miami Dolphins,New York Jets,away,New York Jets,5.5,-110,44.5,-110,2025-07-03T20:03:23Z,New York Jets@Miami Dolphins
4,Denver Broncos,Cincinnati Bengals,away,Cincinnati Bengals,2.75,-115,47.5,-112,2025-07-03T20:03:48Z,Cincinnati Bengals@Denver Broncos
4,Denver Broncos,Cincinnati Bengals,home,Denver Broncos,-2.75,-5,47.5,-112,2025-07-03T20:03:48Z,Cincinnati Bengals@Denver Broncos
5,Los Angeles Rams,San Francisco 49ers,home,Los Angeles Rams,-1.25,-112.5,47.5,-110,2025-07-03T20:03:48Z,San Francisco 49ers@Los Angeles Rams
5,Los Angeles Rams,San Francisco 49ers,away,San Francisco 49ers,1.25,-107.5,47.5,-110,2025-07-03T20:03:48Z,San Francisco 49ers@Los Angeles Rams
5,Cleveland Browns,Minnesota Vikings,home,Cleveland Browns,7,-105,41.5,-110,2025-07-03T20:03:48Z,Minnesota Vikings@Cleveland Browns
5,Cleveland Browns,Minnesota Vikings,away,Minnesota Vikings,-7,-115,41.5,-110,2025-07-03T20:03:48Z,Minnesota Vikings@Cleveland Browns
5,Baltimore Ravens,Houston Texans,home,Baltimore Ravens,-7.5,-105,47.5,-110,2025-07-03T20:03:48Z,Houston Texans@Baltimore Ravens
5,Baltimore Ravens,Houston Texans,away,Houston Texans,7.5,-115,47.5,-110,2025-07-03T20:03:48Z,Houston Texans@Baltimore Ravens
5,Carolina Panthers,Miami Dolphins,home,Carolina Panthers,1.5,-111,46.5,-110,2025-07-03T20:03:48Z,Miami Dolphins@Carolina Panthers
5,Carolina Panthers,Miami Dolphins,away,Miami Dolphins,-1.5,-109,46.5,-110,2025-07-03T20:03:48Z,Miami Dolphins@Carolina Panthers
5,New York Jets,Dallas Cowboys,away,Dallas Cowboys,-1.5,-110,44.5,-110,2025-07-03T20:03:04Z,Dallas Cowboys@New York Jets
5,New York Jets,Dallas Cowboys,home,New York Jets,1.5,-110,44.5,-110,2025-07-03T20:03:04Z,Dallas Cowboys@New York Jets
5,Philadelphia Eagles,Denver Broncos,away,Denver Broncos,4.5,-110,45.5,-110,2025-07-03T20:03:48Z,Denver Broncos@Philadelphia Eagles
5,Philadelphia Eagles,Denver Broncos,home,Philadelphia Eagles,-4.5,-110,45.5,-110,2025-07-03T20:03:48Z,Denver Broncos@Philadelphia Eagles
5,Indianapolis Colts,Las Vegas Raiders,home,Indianapolis Colts,-1.25,-112.5,44.5,-112,2025-07-03T20:03:48Z,Las Vegas Raiders@Indianapolis Colts
5,Indianapolis Colts,Las Vegas Raiders,away,Las Vegas Raiders,1.25,-107.5,44.5,-112,2025-07-03T20:03:48Z,Las Vegas Raiders@Indianapolis Colts
5,New Orleans Saints,New York Giants,home,New Orleans Saints,1.25,-107.5,42.5,-110,2025-07-03T20:03:48Z,New York Giants@New Orleans Saints
5,New Orleans Saints,New York Giants,away,New York Giants,-1.25,-112.5,42.5,-110,2025-07-03T20:03:48Z,New York Giants@New Orleans Saints
5,Arizona Cardinals,Tennessee Titans,home,Arizona Cardinals,-5.75,-5,46.5,-110,2025-07-03T20:03:48Z,Tennessee Titans@Arizona Cardinals
5,Arizona Cardinals,Tennessee Titans,away,Tennessee Titans,5.75,-115,46.5,-110,2025-07-03T20:03:48Z,Tennessee Titans@Arizona Cardinals
5,Seattle Seahawks,Tampa Bay Buccaneers,home,Seattle Seahawks,1.25,-108.5,47.5,-110,2025-07-03T20:03:48Z,Tampa Bay Buccaneers@Seattle Seahawks
5,Seattle Seahawks,Tampa Bay Buccaneers,away,Tampa Bay Buccaneers,-1.25,-111.5,47.5,-110,2025-07-03T20:03:48Z,Tampa Bay Buccaneers@Seattle Seahawks
5,Cincinnati Bengals,Detroit Lions,home,Cincinnati Bengals,1.5,-115,50.5,-110,2025-07-03T20:03:05Z,Detroit Lions@Cincinnati Bengals
5,Cincinnati Bengals,Detroit Lions,away,Detroit Lions,-1.5,-105,50.5,-110,2025-07-03T20:03:05Z,Detroit Lions@Cincinnati Bengals
5,Los Angeles Chargers,Washington Commanders,home,Los Angeles Chargers,-1.25,-110,47.5,-112,2025-07-03T20:03:48Z,Washington Commanders@Los Angeles Chargers
5,Los Angeles Chargers,Washington Commanders,away,Washington Commanders,1.25,-110,47.5,-112,2025-07-03T20:03:48Z,Washington Commanders@Los Angeles Chargers
5,Buffalo Bills,New England Patriots,home,Buffalo Bills,-8.5,-110,46.5,-110,2025-07-03T20:03:23Z,New England Patriots@Buffalo Bills
5,Buffalo Bills,New England Patriots,away,New England Patriots,8.5,-110,46.5,-110,2025-07-03T20:03:23Z,New England Patriots@Buffalo Bills
5,Jacksonville Jaguars,Kansas City Chiefs,home,Jacksonville Jaguars,4.5,-106.5,47.5,-110,2025-07-03T20:03:48Z,Kansas City Chiefs@Jacksonville Jaguars
5,Jacksonville Jaguars,Kansas City Chiefs,away,Kansas City Chiefs,-4.5,-113.5,47.5,-110,2025-07-03T20:03:48Z,Kansas City Chiefs@Jacksonville Jaguars
6,New York Giants,Philadelphia Eagles,home,New York Giants,7,-110,43.5,-110,2025-07-03T20:03:48Z,Philadelphia Eagles@New York Giants
6,New York Giants,Philadelphia Eagles,away,Philadelphia Eagles,-7,-110,43.5,-110,2025-07-03T20:03:48Z,Philadelphia Eagles@New York Giants
6,New York Jets,Denver Broncos,away,Denver Broncos,-6.5,-110,42.5,-110,2025-07-03T20:03:43Z,Denver Broncos@New York Jets
6,New York Jets,Denver Broncos,home,New York Jets,6.5,-110,42.5,-110,2025-07-03T20:03:43Z,Denver Broncos@New York Jets
6,Indianapolis Colts,Arizona Cardinals,away,Arizona Cardinals,-1.25,-112.5,47.5,-108,2025-07-03T20:03:48Z,Arizona Cardinals@Indianapolis Colts
6,Indianapolis Colts,Arizona Cardinals,home,Indianapolis Colts,1.25,-107.5,47.5,-108,2025-07-03T20:03:48Z,Arizona Cardinals@Indianapolis Colts
6,Baltimore Ravens,Los Angeles Rams,home,Baltimore Ravens,-5.75,-6,48.5,-110,2025-07-03T20:03:48Z,Los Angeles Rams@Baltimore Ravens
6,Baltimore Ravens,Los Angeles Rams,away,Los Angeles Rams,5.75,-114,48.5,-110,2025-07-03T20:03:48Z,Los Angeles Rams@Baltimore Ravens
6,Carolina Panthers,Dallas Cowboys,home,Carolina Panthers,1.25,-108.5,46.5,-110,2025-07-03T20:03:48Z,Dallas Cowboys@Carolina Panthers
6,Carolina Panthers,Dallas Cowboys,away,Dallas Cowboys,-1.25,-111.5,46.5,-110,2025-07-03T20:03:48Z,Dallas Cowboys@Carolina Panthers
6,Pittsburgh Steelers,Cleveland Browns,away,Cleveland Browns,6.5,-115,42,-110,2025-07-03T20:03:48Z,Cleveland Browns@Pittsburgh Steelers
6,Pittsburgh Steelers,Cleveland Browns,home,Pittsburgh Steelers,-6.5,-105,42,-110,2025-07-03T20:03:48Z,Cleveland Browns@Pittsburgh Steelers
6,Jacksonville Jaguars,Seattle Seahawks,home,Jacksonville Jaguars,-1.25,-111.5,46.5,-110,2025-07-03T20:03:48Z,Seattle Seahawks@Jacksonville Jaguars
6,Jacksonville Jaguars,Seattle Seahawks,away,Seattle Seahawks,1.25,-108.5,46.5,-110,2025-07-03T20:03:48Z,Seattle Seahawks@Jacksonville Jaguars
6,Miami Dolphins,Los Angeles Chargers,away,Los Angeles Chargers,-1.75,-113.5,45.5,-110,2025-07-03T20:03:48Z,Los Angeles Chargers@Miami Dolphins
6,Miami Dolphins,Los Angeles Chargers,home,Miami Dolphins,1.75,-106.5,45.5,-110,2025-07-03T20:03:48Z,Los Angeles Chargers@Miami Dolphins
6,Tampa Bay Buccaneers,San Francisco 49ers,away,San Francisco 49ers,1.25,-107.5,48.5,-115,2025-07-03T20:03:48Z,San Francisco 49ers@Tampa Bay Buccaneers
6,Tampa Bay Buccaneers,San Francisco 49ers,home,Tampa Bay Buccaneers,-1.25,-112.5,48.5,-115,2025-07-03T20:03:48Z,San Francisco 49ers@Tampa Bay Buccaneers
6,Las Vegas Raiders,Tennessee Titans,home,Las Vegas Raiders,-3,-112.5,44.5,-110,2025-07-03T20:03:48Z,Tennessee Titans@Las Vegas Raiders
6,Las Vegas Raiders,Tennessee Titans,away,Tennessee Titans,3,-107.5,44.5,-110,2025-07-03T20:03:48Z,Tennessee Titans@Las Vegas Raiders
6,Green Bay Packers,Cincinnati Bengals,away,Cincinnati Bengals,3,-112.5,48.5,-115,2025-07-03T20:03:48Z,Cincinnati Bengals@Green Bay Packers
6,Green Bay Packers,Cincinnati Bengals,home,Green Bay Packers,-3,-107.5,48.5,-115,2025-07-03T20:03:48Z,Cincinnati Bengals@Green Bay Packers
6,New Orleans Saints,New England Patriots,away,New England Patriots,-3,-110,43.5,-110,2025-07-03T20:03:48Z,New England Patriots@New Orleans Saints
6,New Orleans Saints,New England Patriots,home,New Orleans Saints,3,-110,43.5,-110,2025-07-03T20:03:48Z,New England Patriots@New Orleans Saints
6,Kansas City Chiefs,Detroit Lions,away,Detroit Lions,2.75,-112.5,48.5,-110,2025-07-03T20:03:23Z,Detroit Lions@Kansas City Chiefs
6,Kansas City Chiefs,Detroit Lions,home,Kansas City Chiefs,-2.75,-107.5,48.5,-110,2025-07-03T20:03:23Z,Detroit Lions@Kansas City Chiefs
6,Atlanta Falcons,Buffalo Bills,home,Atlanta Falcons,5.5,-110,48.5,-110,2025-07-03T20:03:05Z,Buffalo Bills@Atlanta Falcons
6,Atlanta Falcons,Buffalo Bills,away,Buffalo Bills,-5.5,-110,48.5,-110,2025-07-03T20:03:05Z,Buffalo Bills@Atlanta Falcons
6,Washington Commanders,Chicago Bears,away,Chicago Bears,4.5,-115,48.5,-110,2025-07-03T20:03:05Z,Chicago Bears@Washington Commanders
6,Washington Commanders,Chicago Bears,home,Washington Commanders,-4.5,-105,48.5,-110,2025-07-03T20:03:05Z,Chicago Bears@Washington Commanders
7,Cincinnati Bengals,Pittsburgh Steelers,home,Cincinnati Bengals,-4.5,-110,46.5,-110,2025-07-03T20:03:48Z,Pittsburgh Steelers@Cincinnati Bengals
7,Cincinnati Bengals,Pittsburgh Steelers,away,Pittsburgh Steelers,4.5,-110,46.5,-110,2025-07-03T20:03:48Z,Pittsburgh Steelers@Cincinnati Bengals
7,Jacksonville Jaguars,Los Angeles Rams,home,Jacksonville Jaguars,3.5,-110,47.5,-110,2025-07-03T20:03:48Z,Los Angeles Rams@Jacksonville Jaguars
7,Jacksonville Jaguars,Los Angeles Rams,away,Los Angeles Rams,-3.5,-110,47.5,-110,2025-07-03T20:03:48Z,Los Angeles Rams@Jacksonville Jaguars
7,New York Jets,Carolina Panthers,away,Carolina Panthers,1.5,-112,43.5,-110,2025-07-03T20:03:05Z,Carolina Panthers@New York Jets
7,New York Jets,Carolina Panthers,home,New York Jets,-1.5,-108,43.5,-110,2025-07-03T20:03:05Z,Carolina Panthers@New York Jets
7,Chicago Bears,New Orleans Saints,home,Chicago Bears,-7.5,-110,44.5,-110,2025-07-03T20:03:05Z,New Orleans Saints@Chicago Bears
7,Chicago Bears,New Orleans Saints,away,New Orleans Saints,7.5,-110,44.5,-110,2025-07-03T20:03:05Z,New Orleans Saints@Chicago Bears
7,Cleveland Browns,Miami Dolphins,home,Cleveland Browns,1.25,-107.5,43.5,-110,2025-07-03T20:03:48Z,Miami Dolphins@Cleveland Browns
7,Cleveland Browns,Miami Dolphins,away,Miami Dolphins,-1.25,-112.5,43.5,-110,2025-07-03T20:03:48Z,Miami Dolphins@Cleveland Browns
7,Kansas City Chiefs,Las Vegas Raiders,home,Kansas City Chiefs,-9.5,-110,45.5,-110,2025-07-03T20:03:48Z,Las Vegas Raiders@Kansas City Chiefs
7,Kansas City Chiefs,Las Vegas Raiders,away,Las Vegas Raiders,9.5,-110,45.5,-110,2025-07-03T20:03:48Z,Las Vegas Raiders@Kansas City Chiefs
7,Minnesota Vikings,Philadelphia Eagles,home,Minnesota Vikings,3,-105,44.5,-115,2025-07-03T20:03:48Z,Philadelphia Eagles@Minnesota Vikings
7,Minnesota Vikings,Philadelphia Eagles,away,Philadelphia Eagles,-3,-115,44.5,-115,2025-07-03T20:03:48Z,Philadelphia Eagles@Minnesota Vikings
7,Tennessee Titans,New England Patriots,away,New England Patriots,-1.25,-112.5,44.5,-110,2025-07-03T20:03:48Z,New England Patriots@Tennessee Titans
7,Tennessee Titans,New England Patriots,home,Tennessee Titans,1.25,-107.5,44.5,-110,2025-07-03T20:03:48Z,New England Patriots@Tennessee Titans
7,Denver Broncos,New York Giants,home,Denver Broncos,-7.5,-109,42.5,-110,2025-07-03T20:03:48Z,New York Giants@Denver Broncos
7,Denver Broncos,New York Giants,away,New York Giants,7.5,-111,42.5,-110,2025-07-03T20:03:48Z,New York Giants@Denver Broncos
7,Los Angeles Chargers,Indianapolis Colts,away,Indianapolis Colts,6,-110,45.5,-110,2025-07-03T20:03:48Z,Indianapolis Colts@Los Angeles Chargers
7,Los Angeles Chargers,Indianapolis Colts,home,Los Angeles Chargers,-6,-110,45.5,-110,2025-07-03T20:03:48Z,Indianapolis Colts@Los Angeles Chargers
7,Arizona Cardinals,Green Bay Packers,home,Arizona Cardinals,1.25,-107.5,47.5,-110,2025-07-03T20:03:48Z,Green Bay Packers@Arizona Cardinals
7,Arizona Cardinals,Green Bay Packers,away,Green Bay Packers,-1.25,-112.5,47.5,-110,2025-07-03T20:03:48Z,Green Bay Packers@Arizona Cardinals
7,Dallas Cowboys,Washington Commanders,home,Dallas Cowboys,2.5,-110,48.5,-112.5,2025-07-03T20:03:48Z,Washington Commanders@Dallas Cowboys
7,Dallas Cowboys,Washington Commanders,away,Washington Commanders,-2.5,-110,48.5,-112.5,2025-07-03T20:03:48Z,Washington Commanders@Dallas Cowboys
7,San Francisco 49ers,Atlanta Falcons,away,Atlanta Falcons,6.5,-110,47.5,-105,2025-07-03T20:03:48Z,Atlanta Falcons@San Francisco 49ers
7,San Francisco 49ers,Atlanta Falcons,home,San Francisco 49ers,-6.5,-110,47.5,-105,2025-07-03T20:03:48Z,Atlanta Falcons@San Francisco 49ers
7,Detroit Lions,Tampa Bay Buccaneers,home,Detroit Lions,-3.5,-110,49.5,-110,2025-07-03T20:03:05Z,Tampa Bay Buccaneers@Detroit Lions
7,Detroit Lions,Tampa Bay Buccaneers,away,Tampa Bay Buccaneers,3.5,-110,49.5,-110,2025-07-03T20:03:05Z,Tampa Bay Buccaneers@Detroit Lions
7,Seattle Seahawks,Houston Texans,away,Houston Texans,1.25,-107.5,44.5,-110,2025-07-03T20:03:48Z,Houston Texans@Seattle Seahawks
7,Seattle Seahawks,Houston Texans,home,Seattle Seahawks,-1.25,-112.5,44.5,-110,2025-07-03T20:03:48Z,Houston Texans@Seattle Seahawks
8,Los Angeles Chargers,Minnesota Vikings,home,Los Angeles Chargers,-3,-110,44.5,-110,2025-07-03T20:03:48Z,Minnesota Vikings@Los Angeles Chargers
8,Los Angeles Chargers,Minnesota Vikings,away,Minnesota Vikings,3,-110,44.5,-110,2025-07-03T20:03:48Z,Minnesota Vikings@Los Angeles Chargers
8,Atlanta Falcons,Miami Dolphins,home,Atlanta Falcons,-1.5,-110,46.5,-110,2025-07-03T20:03:05Z,Miami Dolphins@Atlanta Falcons
8,Atlanta Falcons,Miami Dolphins,away,Miami Dolphins,1.5,-110,46.5,-110,2025-07-03T20:03:05Z,Miami Dolphins@Atlanta Falcons
8,Baltimore Ravens,Chicago Bears,home,Baltimore Ravens,-7,-110,48.5,-110,2025-07-03T20:03:05Z,Chicago Bears@Baltimore Ravens
8,Baltimore Ravens,Chicago Bears,away,Chicago Bears,7,-110,48.5,-110,2025-07-03T20:03:05Z,Chicago Bears@Baltimore Ravens
8,Carolina Panthers,Buffalo Bills,away,Buffalo Bills,-7,-110,47.5,-110,2025-07-03T20:03:05Z,Buffalo Bills@Carolina Panthers
8,Carolina Panthers,Buffalo Bills,home,Carolina Panthers,7,-110,47.5,-110,2025-07-03T20:03:05Z,Buffalo Bills@Carolina Panthers
8,Cincinnati Bengals,New York Jets,home,Cincinnati Bengals,-7.5,-110,45.5,-110,2025-07-03T20:03:05Z,New York Jets@Cincinnati Bengals
8,Cincinnati Bengals,New York Jets,away,New York Jets,7.5,-110,45.5,-110,2025-07-03T20:03:05Z,New York Jets@Cincinnati Bengals
8,New England Patriots,Cleveland Browns,away,Cleveland Browns,5.5,-109,42.5,-108,2025-07-03T20:03:48Z,Cleveland Browns@New England Patriots
8,New England Patriots,Cleveland Browns,home,New England Patriots,-5.5,-111,42.5,-108,2025-07-03T20:03:48Z,Cleveland Browns@New England Patriots
8,Houston Texans,San Francisco 49ers,home,Houston Texans,1.25,-108.5,45.5,-115,2025-07-03T20:03:48Z,San Francisco 49ers@Houston Texans
8,Houston Texans,San Francisco 49ers,away,San Francisco 49ers,-1.25,-111.5,45.5,-115,2025-07-03T20:03:48Z,San Francisco 49ers@Houston Texans
8,Philadelphia Eagles,New York Giants,away,New York Giants,10.5,-110,43.5,-110,2025-07-03T20:03:48Z,New York Giants@Philadelphia Eagles
8,Philadelphia Eagles,New York Giants,home,Philadelphia Eagles,-10.5,-110,43.5,-110,2025-07-03T20:03:48Z,New York Giants@Philadelphia Eagles
8,New Orleans Saints,Tampa Bay Buccaneers,home,New Orleans Saints,5.5,-110,45.5,-111,2025-07-03T20:03:48Z,Tampa Bay Buccaneers@New Orleans Saints
8,New Orleans Saints,Tampa Bay Buccaneers,away,Tampa Bay Buccaneers,-5.5,-110,45.5,-111,2025-07-03T20:03:48Z,Tampa Bay Buccaneers@New Orleans Saints
8,Denver Broncos,Dallas Cowboys,away,Dallas Cowboys,4.5,-110,45.5,-110,2025-07-03T20:03:48Z,Dallas Cowboys@Denver Broncos
8,Denver Broncos,Dallas Cowboys,home,Denver Broncos,-4.5,-110,45.5,-110,2025-07-03T20:03:48Z,Dallas Cowboys@Denver Broncos
8,Indianapolis Colts,Tennessee Titans,home,Indianapolis Colts,-3.5,-110,44.5,-110,2025-07-03T20:03:48Z,Tennessee Titans@Indianapolis Colts
8,Indianapolis Colts,Tennessee Titans,away,Tennessee Titans,3.5,-110,44.5,-110,2025-07-03T20:03:48Z,Tennessee Titans@Indianapolis Colts
8,Pittsburgh Steelers,Green Bay Packers,away,Green Bay Packers,-1.25,-112.5,44.5,-110,2025-07-03T20:03:48Z,Green Bay Packers@Pittsburgh Steelers
8,Pittsburgh Steelers,Green Bay Packers,home,Pittsburgh Steelers,1.25,-107.5,44.5,-110,2025-07-03T20:03:48Z,Green Bay Packers@Pittsburgh Steelers
8,Kansas City Chiefs,Washington Commanders,home,Kansas City Chiefs,-3.5,-115,48.5,-110,2025-07-03T20:03:48Z,Washington Commanders@Kansas City Chiefs
8,Kansas City Chiefs,Washington Commanders,away,Washington Commanders,3.5,-105,48.5,-110,2025-07-03T20:03:48Z,Washington Commanders@Kansas City Chiefs
9,Miami Dolphins,Baltimore Ravens,away,Baltimore Ravens,-5.5,-110,47.5,-110,2025-07-03T20:03:48Z,Baltimore Ravens@Miami Dolphins
9,Miami Dolphins,Baltimore Ravens,home,Miami Dolphins,5.5,-110,47.5,-110,2025-07-03T20:03:48Z,Baltimore Ravens@Miami Dolphins
9,New England Patriots,Atlanta Falcons,away,Atlanta Falcons,3,-110,44.5,-115,2025-07-03T20:03:48Z,Atlanta Falcons@New England Patriots
9,New England Patriots,Atlanta Falcons,home,New England Patriots,-3,-110,44.5,-115,2025-07-03T20:03:48Z,Atlanta Falcons@New England Patriots
9,Green Bay Packers,Carolina Panthers,away,Carolina Panthers,7.5,-110,45.5,-110,2025-07-03T20:03:48Z,Carolina Panthers@Green Bay Packers
9,Green Bay Packers,Carolina Panthers,home,Green Bay Packers,-7.5,-110,45.5,-110,2025-07-03T20:03:48Z,Carolina Panthers@Green Bay Packers
9,Cincinnati Bengals,Chicago Bears,away,Chicago Bears,3,-105,48.5,-110,2025-07-03T20:03:05Z,Chicago Bears@Cincinnati Bengals
9,Cincinnati Bengals,Chicago Bears,home,Cincinnati Bengals,-3,-115,48.5,-110,2025-07-03T20:03:05Z,Chicago Bears@Cincinnati Bengals
9,Houston Texans,Denver Broncos,away,Denver Broncos,-1.25,-108.5,45.5,-110,2025-07-03T20:03:48Z,Denver Broncos@Houston Texans
9,Houston Texans,Denver Broncos,home,Houston Texans,1.25,-111.5,45.5,-110,2025-07-03T20:03:48Z,Denver Broncos@Houston Texans
9,Detroit Lions,Minnesota Vikings,home,Detroit Lions,-4.5,-110,47.5,-110,2025-07-03T20:03:23Z,Minnesota Vikings@Detroit Lions
9,Detroit Lions,Minnesota Vikings,away,Minnesota Vikings,4.5,-110,47.5,-110,2025-07-03T20:03:23Z,Minnesota Vikings@Detroit Lions
9,Pittsburgh Steelers,Indianapolis Colts,away,Indianapolis Colts,3.5,-110,44.5,-105,2025-07-03T20:03:48Z,Indianapolis Colts@Pittsburgh Steelers
9,Pittsburgh Steelers,Indianapolis Colts,home,Pittsburgh Steelers,-3.5,-110,44.5,-105,2025-07-03T20:03:48Z,Indianapolis Colts@Pittsburgh Steelers
9,Tennessee Titans,Los Angeles Chargers,away,Los Angeles Chargers,-4.5,-110,44.5,-110,2025-07-03T20:03:48Z,Los Angeles Chargers@Tennessee Titans
9,Tennessee Titans,Los Angeles Chargers,home,Tennessee Titans,4.5,-110,44.5,-110,2025-07-03T20:03:48Z,Los Angeles Chargers@Tennessee Titans
9,New York Giants,San Francisco 49ers,home,New York Giants,3.5,-110,44.5,-110,2025-07-03T20:03:48Z,San Francisco 49ers@New York Giants
9,New York Giants,San Francisco 49ers,away,San Francisco 49ers,-3.5,-110,44.5,-110,2025-07-03T20:03:48Z,San Francisco 49ers@New York Giants
9,Las Vegas Raiders,Jacksonville Jaguars,away,Jacksonville Jaguars,1.25,-108.5,45.5,-112,2025-07-03T20:03:48Z,Jacksonville Jaguars@Las Vegas Raiders
9,Las Vegas Raiders,Jacksonville Jaguars,home,Las Vegas Raiders,-1.25,-111.5,45.5,-112,2025-07-03T20:03:48Z,Jacksonville Jaguars@Las Vegas Raiders
9,Los Angeles Rams,New Orleans Saints,home,Los Angeles Rams,-9.5,-110,44.5,-110,2025-07-03T20:03:48Z,New Orleans Saints@Los Angeles Rams
9,Los Angeles Rams,New Orleans Saints,away,New Orleans Saints,9.5,-110,44.5,-110,2025-07-03T20:03:48Z,New Orleans Saints@Los Angeles Rams
9,Buffalo Bills,Kansas City Chiefs,home,Buffalo Bills,-2.5,-111,48.5,-110,2025-07-03T20:03:23Z,Kansas City Chiefs@Buffalo Bills
9,Buffalo Bills,Kansas City Chiefs,away,Kansas City Chiefs,2.5,-109,48.5,-110,2025-07-03T20:03:23Z,Kansas City Chiefs@Buffalo Bills
9,Washington Commanders,Seattle Seahawks,away,Seattle Seahawks,5.5,-115,47.5,-110,2025-07-03T20:03:48Z,Seattle Seahawks@Washington Commanders
9,Washington Commanders,Seattle Seahawks,home,Washington Commanders,-5.5,-105,47.5,-110,2025-07-03T20:03:48Z,Seattle Seahawks@Washington Commanders
9,Dallas Cowboys,Arizona Cardinals,away,Arizona Cardinals,1.25,-107.5,47.5,-110,2025-07-03T20:03:48Z,Arizona Cardinals@Dallas Cowboys
9,Dallas Cowboys,Arizona Cardinals,home,Dallas Cowboys,-1.25,-112.5,47.5,-110,2025-07-03T20:03:48Z,Arizona Cardinals@Dallas Cowboys
10,Denver Broncos,Las Vegas Raiders,home,Denver Broncos,-6.5,-111,43.5,-110,2025-07-03T20:03:23Z,Las Vegas Raiders@Denver Broncos
10,Denver Broncos,Las Vegas Raiders,away,Las Vegas Raiders,6.5,-109,43.5,-110,2025-07-03T20:03:23Z,Las Vegas Raiders@Denver Broncos
10,Indianapolis Colts,Atlanta Falcons,away,Atlanta Falcons,-1.5,-105,44.5,-110,2025-07-03T20:03:43Z,Atlanta Falcons@Indianapolis Colts
10,Indianapolis Colts,Atlanta Falcons,home,Indianapolis Colts,1.5,-115,44.5,-110,2025-07-03T20:03:43Z,Atlanta Falcons@Indianapolis Colts
10,Minnesota Vikings,Baltimore Ravens,away,Baltimore Ravens,-3.5,-105,46.5,-115,2025-07-03T20:03:48Z,Baltimore Ravens@Minnesota Vikings
10,Minnesota Vikings,Baltimore Ravens,home,Minnesota Vikings,3.5,-115,46.5,-115,2025-07-03T20:03:48Z,Baltimore Ravens@Minnesota Vikings
10,Miami Dolphins,Buffalo Bills,away,Buffalo Bills,-5.5,-110,48.5,-107.5,2025-07-03T20:03:23Z,Buffalo Bills@Miami Dolphins
10,Miami Dolphins,Buffalo Bills,home,Miami Dolphins,5.5,-110,48.5,-107.5,2025-07-03T20:03:23Z,Buffalo Bills@Miami Dolphins
10,Carolina Panthers,New Orleans Saints,home,Carolina Panthers,-4.5,-105,43.5,-110,2025-07-03T20:03:48Z,New Orleans Saints@Carolina Panthers
10,Carolina Panthers,New Orleans Saints,away,New Orleans Saints,4.5,-115,43.5,-110,2025-07-03T20:03:48Z,New Orleans Saints@Carolina Panthers
10,Chicago Bears,New York Giants,home,Chicago Bears,-5.5,-110,43.5,-110,2025-07-03T20:03:05Z,New York Giants@Chicago Bears
10,Chicago Bears,New York Giants,away,New York Giants,5.5,-110,43.5,-110,2025-07-03T20:03:05Z,New York Giants@Chicago Bears
10,New York Jets,Cleveland Browns,away,Cleveland Browns,2.5,-110,40.5,-110,2025-07-03T20:03:05Z,Cleveland Browns@New York Jets
10,New York Jets,Cleveland Browns,home,New York Jets,-2.5,-110,40.5,-110,2025-07-03T20:03:05Z,Cleveland Browns@New York Jets
10,Houston Texans,Jacksonville Jaguars,home,Houston Texans,-3.5,-110,45.5,-110,2025-07-03T20:03:23Z,Jacksonville Jaguars@Houston Texans
10,Houston Texans,Jacksonville Jaguars,away,Jacksonville Jaguars,3.5,-110,45.5,-110,2025-07-03T20:03:23Z,Jacksonville Jaguars@Houston Texans
10,Seattle Seahawks,Arizona Cardinals,away,Arizona Cardinals,1.5,-110,45.5,-110,2025-07-03T20:03:48Z,Arizona Cardinals@Seattle Seahawks
10,Seattle Seahawks,Arizona Cardinals,home,Seattle Seahawks,-1.5,-110,45.5,-110,2025-07-03T20:03:48Z,Arizona Cardinals@Seattle Seahawks
10,Washington Commanders,Detroit Lions,away,Detroit Lions,1.5,-110,49.5,-115,2025-07-03T20:03:05Z,Detroit Lions@Washington Commanders
10,Washington Commanders,Detroit Lions,home,Washington Commanders,-1.5,-110,49.5,-115,2025-07-03T20:03:05Z,Detroit Lions@Washington Commanders
10,San Francisco 49ers,Los Angeles Rams,away,Los Angeles Rams,1.25,-107.5,46.5,-110,2025-07-03T20:03:48Z,Los Angeles Rams@San Francisco 49ers
10,San Francisco 49ers,Los Angeles Rams,home,San Francisco 49ers,-1.25,-112.5,46.5,-110,2025-07-03T20:03:48Z,Los Angeles Rams@San Francisco 49ers
10,Los Angeles Chargers,Pittsburgh Steelers,home,Los Angeles Chargers,-4.5,-110,43.5,-110,2025-07-03T20:03:48Z,Pittsburgh Steelers@Los Angeles Chargers
10,Los Angeles Chargers,Pittsburgh Steelers,away,Pittsburgh Steelers,4.5,-110,43.5,-110,2025-07-03T20:03:48Z,Pittsburgh Steelers@Los Angeles Chargers
10,Green Bay Packers,Philadelphia Eagles,home,Green Bay Packers,1.5,-110,45.5,-110,2025-07-03T20:03:48Z,Philadelphia Eagles@Green Bay Packers
10,Green Bay Packers,Philadelphia Eagles,away,Philadelphia Eagles,-1.5,-110,45.5,-110,2025-07-03T20:03:48Z,Philadelphia Eagles@Green Bay Packers
11,New England Patriots,New York Jets,home,New England Patriots,-5.5,-110,42.5,-110,2025-07-03T20:03:23Z,New York Jets@New England Patriots
11,New England Patriots,New York Jets,away,New York Jets,5.5,-110,42.5,-110,2025-07-03T20:03:23Z,New York Jets@New England Patriots
11,Miami Dolphins,Washington Commanders,home,Miami Dolphins,4.5,-110,48.5,-110,2025-07-03T20:03:15Z,Washington Commanders@Miami Dolphins
11,Miami Dolphins,Washington Commanders,away,Washington Commanders,-4.5,-110,48.5,-110,2025-07-03T20:03:15Z,Washington Commanders@Miami Dolphins
11,Atlanta Falcons,Carolina Panthers,home,Atlanta Falcons,-3,-105,45.5,-110,2025-07-03T20:03:05Z,Carolina Panthers@Atlanta Falcons
11,Atlanta Falcons,Carolina Panthers,away,Carolina Panthers,3,-115,45.5,-110,2025-07-03T20:03:05Z,Carolina Panthers@Atlanta Falcons
11,Buffalo Bills,Tampa Bay Buccaneers,home,Buffalo Bills,-5.5,-110,49.5,-110,2025-07-03T20:03:05Z,Tampa Bay Buccaneers@Buffalo Bills
11,Buffalo Bills,Tampa Bay Buccaneers,away,Tampa Bay Buccaneers,5.5,-110,49.5,-110,2025-07-03T20:03:05Z,Tampa Bay Buccaneers@Buffalo Bills
11,Minnesota Vikings,Chicago Bears,away,Chicago Bears,2.5,-108,45.5,-110,2025-07-03T20:03:05Z,Chicago Bears@Minnesota Vikings
11,Minnesota Vikings,Chicago Bears,home,Minnesota Vikings,-2.5,-112,45.5,-110,2025-07-03T20:03:05Z,Chicago Bears@Minnesota Vikings
11,Pittsburgh Steelers,Cincinnati Bengals,away,Cincinnati Bengals,-1.25,-111.5,46.5,-110,2025-07-03T20:03:48Z,Cincinnati Bengals@Pittsburgh Steelers
11,Pittsburgh Steelers,Cincinnati Bengals,home,Pittsburgh Steelers,1.25,-108.5,46.5,-110,2025-07-03T20:03:48Z,Cincinnati Bengals@Pittsburgh Steelers
11,New York Giants,Green Bay Packers,away,Green Bay Packers,-4.5,-110,43.5,-110,2025-07-03T20:03:05Z,Green Bay Packers@New York Giants
11,New York Giants,Green Bay Packers,home,New York Giants,4.5,-110,43.5,-110,2025-07-03T20:03:05Z,Green Bay Packers@New York Giants
11,Tennessee Titans,Houston Texans,away,Houston Texans,-3,-110,43.5,-110,2025-07-03T20:03:05Z,Houston Texans@Tennessee Titans
11,Tennessee Titans,Houston Texans,home,Tennessee Titans,3,-110,43.5,-110,2025-07-03T20:03:05Z,Houston Texans@Tennessee Titans
11,Jacksonville Jaguars,Los Angeles Chargers,home,Jacksonville Jaguars,1.25,-107.5,46.5,-105,2025-07-03T20:03:48Z,Los Angeles Chargers@Jacksonville Jaguars
11,Jacksonville Jaguars,Los Angeles Chargers,away,Los Angeles Chargers,-1.25,-112.5,46.5,-105,2025-07-03T20:03:48Z,Los Angeles Chargers@Jacksonville Jaguars
11,Arizona Cardinals,San Francisco 49ers,home,Arizona Cardinals,1.25,-108.5,47.5,-110,2025-07-03T20:03:48Z,San Francisco 49ers@Arizona Cardinals
11,Arizona Cardinals,San Francisco 49ers,away,San Francisco 49ers,-1.25,-111.5,47.5,-110,2025-07-03T20:03:48Z,San Francisco 49ers@Arizona Cardinals
11,Los Angeles Rams,Seattle Seahawks,home,Los Angeles Rams,-4.5,-110,45.5,-110,2025-07-03T20:03:48Z,Seattle Seahawks@Los Angeles Rams
11,Los Angeles Rams,Seattle Seahawks,away,Seattle Seahawks,4.5,-110,45.5,-110,2025-07-03T20:03:48Z,Seattle Seahawks@Los Angeles Rams
11,Cleveland Browns,Baltimore Ravens,away,Baltimore Ravens,-8.75,-110,44.5,-105,2025-07-03T20:03:48Z,Baltimore Ravens@Cleveland Browns
11,Cleveland Browns,Baltimore Ravens,home,Cleveland Browns,8.75,-110,44.5,-105,2025-07-03T20:03:48Z,Baltimore Ravens@Cleveland Browns
11,Denver Broncos,Kansas City Chiefs,home,Denver Broncos,1.5,-110,45.5,-110,2025-07-03T20:03:05Z,Kansas City Chiefs@Denver Broncos
11,Denver Broncos,Kansas City Chiefs,away,Kansas City Chiefs,-1.5,-110,45.5,-110,2025-07-03T20:03:05Z,Kansas City Chiefs@Denver Broncos
11,Philadelphia Eagles,Detroit Lions,away,Detroit Lions,3.5,-110,47.5,-110,2025-07-03T20:03:05Z,Detroit Lions@Philadelphia Eagles
11,Philadelphia Eagles,Detroit Lions,home,Philadelphia Eagles,-3.5,-110,47.5,-110,2025-07-03T20:03:05Z,Detroit Lions@Philadelphia Eagles
11,Las Vegas Raiders,Dallas Cowboys,away,Dallas Cowboys,-1.5,-105,45.5,-110,2025-07-03T20:03:05Z,Dallas Cowboys@Las Vegas Raiders
11,Las Vegas Raiders,Dallas Cowboys,home,Las Vegas Raiders,1.5,-115,45.5,-110,2025-07-03T20:03:05Z,Dallas Cowboys@Las Vegas Raiders
12,Houston Texans,Buffalo Bills,away,Buffalo Bills,-3.5,-110,46.5,-115,2025-07-03T20:03:05Z,Buffalo Bills@Houston Texans
12,Houston Texans,Buffalo Bills,home,Houston Texans,3.5,-110,46.5,-115,2025-07-03T20:03:05Z,Buffalo Bills@Houston Texans
12,Baltimore Ravens,New York Jets,home,Baltimore Ravens,-11.5,-110,44.5,-110,2025-07-03T20:03:05Z,New York Jets@Baltimore Ravens
12,Baltimore Ravens,New York Jets,away,New York Jets,11.5,-110,44.5,-110,2025-07-03T20:03:05Z,New York Jets@Baltimore Ravens
12,Chicago Bears,Pittsburgh Steelers,home,Chicago Bears,-2.5,-110,44.5,-110,2025-07-03T20:03:05Z,Pittsburgh Steelers@Chicago Bears
12,Chicago Bears,Pittsburgh Steelers,away,Pittsburgh Steelers,2.5,-110,44.5,-110,2025-07-03T20:03:05Z,Pittsburgh Steelers@Chicago Bears
12,Cincinnati Bengals,New England Patriots,home,Cincinnati Bengals,-4.5,-110,47.5,-110,2025-07-03T20:03:48Z,New England Patriots@Cincinnati Bengals
12,Cincinnati Bengals,New England Patriots,away,New England Patriots,4.5,-110,47.5,-110,2025-07-03T20:03:48Z,New England Patriots@Cincinnati Bengals
12,Detroit Lions,New York Giants,home,Detroit Lions,-8.5,-110,45.5,-110,2025-07-03T20:03:05Z,New York Giants@Detroit Lions
12,Detroit Lions,New York Giants,away,New York Giants,8.5,-110,45.5,-110,2025-07-03T20:03:05Z,New York Giants@Detroit Lions
12,Green Bay Packers,Minnesota Vikings,home,Green Bay Packers,-3.5,-110,45.5,-110,2025-07-03T20:03:48Z,Minnesota Vikings@Green Bay Packers
12,Green Bay Packers,Minnesota Vikings,away,Minnesota Vikings,3.5,-110,45.5,-110,2025-07-03T20:03:48Z,Minnesota Vikings@Green Bay Packers
12,Kansas City Chiefs,Indianapolis Colts,away,Indianapolis Colts,9.5,-110,45.5,-110,2025-07-03T20:03:48Z,Indianapolis Colts@Kansas City Chiefs
12,Kansas City Chiefs,Indianapolis Colts,home,Kansas City Chiefs,-9.5,-110,45.5,-110,2025-07-03T20:03:48Z,Indianapolis Colts@Kansas City Chiefs
12,Tennessee Titans,Seattle Seahawks,away,Seattle Seahawks,-1.25,-112.5,44.5,-110,2025-07-03T20:03:48Z,Seattle Seahawks@Tennessee Titans
12,Tennessee Titans,Seattle Seahawks,home,Tennessee Titans,1.25,-107.5,44.5,-110,2025-07-03T20:03:48Z,Seattle Seahawks@Tennessee Titans
12,Arizona Cardinals,Jacksonville Jaguars,home,Arizona Cardinals,-3,-115,47.5,-110,2025-07-03T20:03:48Z,Jacksonville Jaguars@Arizona Cardinals
12,Arizona Cardinals,Jacksonville Jaguars,away,Jacksonville Jaguars,3,-105,47.5,-110,2025-07-03T20:03:48Z,Jacksonville Jaguars@Arizona Cardinals
12,Las Vegas Raiders,Cleveland Browns,away,Cleveland Browns,3.5,-110,41.5,-112,2025-07-03T20:03:48Z,Cleveland Browns@Las Vegas Raiders
12,Las Vegas Raiders,Cleveland Browns,home,Las Vegas Raiders,-3.5,-110,41.5,-112,2025-07-03T20:03:48Z,Cleveland Browns@Las Vegas Raiders
12,New Orleans Saints,Atlanta Falcons,away,Atlanta Falcons,-2.5,-108,43.5,-110,2025-07-03T20:03:05Z,Atlanta Falcons@New Orleans Saints
12,New Orleans Saints,Atlanta Falcons,home,New Orleans Saints,2.5,-112,43.5,-110,2025-07-03T20:03:05Z,Atlanta Falcons@New Orleans Saints
12,Dallas Cowboys,Philadelphia Eagles,home,Dallas Cowboys,4.5,-110,46.5,-110,2025-07-03T20:03:05Z,Philadelphia Eagles@Dallas Cowboys
12,Dallas Cowboys,Philadelphia Eagles,away,Philadelphia Eagles,-4.5,-110,46.5,-110,2025-07-03T20:03:05Z,Philadelphia Eagles@Dallas Cowboys
12,Los Angeles Rams,Tampa Bay Buccaneers,home,Los Angeles Rams,-2.75,-110,47.5,-110,2025-07-03T20:03:48Z,Tampa Bay Buccaneers@Los Angeles Rams
12,Los Angeles Rams,Tampa Bay Buccaneers,away,Tampa Bay Buccaneers,2.75,-110,47.5,-110,2025-07-03T20:03:48Z,Tampa Bay Buccaneers@Los Angeles Rams
12,San Francisco 49ers,Carolina Panthers,away,Carolina Panthers,7,-115,46.5,-110,2025-07-03T20:03:48Z,Carolina Panthers@San Francisco 49ers
12,San Francisco 49ers,Carolina Panthers,home,San Francisco 49ers,-7,-105,46.5,-110,2025-07-03T20:03:48Z,Carolina Panthers@San Francisco 49ers
13,Detroit Lions,Green Bay Packers,home,Detroit Lions,-2.5,-118,48.5,-110,2025-07-03T20:03:05Z,Green Bay Packers@Detroit Lions
13,Detroit Lions,Green Bay Packers,away,Green Bay Packers,2.5,-102,48.5,-110,2025-07-03T20:03:05Z,Green Bay Packers@Detroit Lions
13,Dallas Cowboys,Kansas City Chiefs,home,Dallas Cowboys,6,-112.5,47.5,-110,2025-07-03T20:03:15Z,Kansas City Chiefs@Dallas Cowboys
13,Dallas Cowboys,Kansas City Chiefs,away,Kansas City Chiefs,-6,-107.5,47.5,-110,2025-07-03T20:03:15Z,Kansas City Chiefs@Dallas Cowboys
13,Baltimore Ravens,Cincinnati Bengals,home,Baltimore Ravens,-5.5,-110,49.5,-110,2025-07-03T20:03:48Z,Cincinnati Bengals@Baltimore Ravens
13,Baltimore Ravens,Cincinnati Bengals,away,Cincinnati Bengals,5.5,-110,49.5,-110,2025-07-03T20:03:48Z,Cincinnati Bengals@Baltimore Ravens
13,Philadelphia Eagles,Chicago Bears,away,Chicago Bears,7,-110,46.5,-110,2025-07-03T20:03:15Z,Chicago Bears@Philadelphia Eagles
13,Philadelphia Eagles,Chicago Bears,home,Philadelphia Eagles,-7,-110,46.5,-110,2025-07-03T20:03:15Z,Chicago Bears@Philadelphia Eagles
13,Tampa Bay Buccaneers,Arizona Cardinals,away,Arizona Cardinals,3.5,-110,48.5,-110,2025-07-03T20:03:48Z,Arizona Cardinals@Tampa Bay Buccaneers
13,Tampa Bay Buccaneers,Arizona Cardinals,home,Tampa Bay Buccaneers,-3.5,-110,48.5,-110,2025-07-03T20:03:48Z,Arizona Cardinals@Tampa Bay Buccaneers
13,New York Jets,Atlanta Falcons,away,Atlanta Falcons,-1.5,-110,43.5,-110,2025-07-03T20:03:05Z,Atlanta Falcons@New York Jets
13,New York Jets,Atlanta Falcons,home,New York Jets,1.5,-110,43.5,-110,2025-07-03T20:03:05Z,Atlanta Falcons@New York Jets
13,Carolina Panthers,Los Angeles Rams,home,Carolina Panthers,3.5,-110,45.5,-110,2025-07-03T20:03:48Z,Los Angeles Rams@Carolina Panthers
13,Carolina Panthers,Los Angeles Rams,away,Los Angeles Rams,-3.5,-110,45.5,-110,2025-07-03T20:03:48Z,Los Angeles Rams@Carolina Panthers
13,Cleveland Browns,San Francisco 49ers,home,Cleveland Browns,6,-110,42.5,-110,2025-07-03T20:03:48Z,San Francisco 49ers@Cleveland Browns
13,Cleveland Browns,San Francisco 49ers,away,San Francisco 49ers,-6,-110,42.5,-110,2025-07-03T20:03:48Z,San Francisco 49ers@Cleveland Browns
13,Indianapolis Colts,Houston Texans,away,Houston Texans,-1.5,-110,44.5,-110,2025-07-03T20:03:05Z,Houston Texans@Indianapolis Colts
13,Indianapolis Colts,Houston Texans,home,Indianapolis Colts,1.5,-110,44.5,-110,2025-07-03T20:03:05Z,Houston Texans@Indianapolis Colts
13,Tennessee Titans,Jacksonville Jaguars,away,Jacksonville Jaguars,-1.25,-111.5,45.5,-110,2025-07-03T20:03:48Z,Jacksonville Jaguars@Tennessee Titans
13,Tennessee Titans,Jacksonville Jaguars,home,Tennessee Titans,1.25,-108.5,45.5,-110,2025-07-03T20:03:48Z,Jacksonville Jaguars@Tennessee Titans
13,Miami Dolphins,New Orleans Saints,home,Miami Dolphins,-6,-110,44.5,-110,2025-07-03T20:03:05Z,New Orleans Saints@Miami Dolphins
13,Miami Dolphins,New Orleans Saints,away,New Orleans Saints,6,-110,44.5,-110,2025-07-03T20:03:05Z,New Orleans Saints@Miami Dolphins
13,Seattle Seahawks,Minnesota Vikings,away,Minnesota Vikings,1.25,-110,43.5,-110,2025-07-03T20:03:48Z,Minnesota Vikings@Seattle Seahawks
13,Seattle Seahawks,Minnesota Vikings,home,Seattle Seahawks,-1.25,-110,43.5,-110,2025-07-03T20:03:48Z,Minnesota Vikings@Seattle Seahawks
13,Pittsburgh Steelers,Buffalo Bills,away,Buffalo Bills,-4.5,-115,46.5,-110,2025-07-03T20:03:05Z,Buffalo Bills@Pittsburgh Steelers
13,Pittsburgh Steelers,Buffalo Bills,home,Pittsburgh Steelers,4.5,-105,46.5,-110,2025-07-03T20:03:05Z,Buffalo Bills@Pittsburgh Steelers
13,Los Angeles Chargers,Las Vegas Raiders,away,Las Vegas Raiders,6.5,-110,44.5,-108,2025-07-03T20:03:48Z,Las Vegas Raiders@Los Angeles Chargers
13,Los Angeles Chargers,Las Vegas Raiders,home,Los Angeles Chargers,-6.5,-110,44.5,-108,2025-07-03T20:03:48Z,Las Vegas Raiders@Los Angeles Chargers
13,Washington Commanders,Denver Broncos,away,Denver Broncos,2.5,-110,46.5,-110,2025-07-03T20:03:05Z,Denver Broncos@Washington Commanders
13,Washington Commanders,Denver Broncos,home,Washington Commanders,-2.5,-110,46.5,-110,2025-07-03T20:03:05Z,Denver Broncos@Washington Commanders
13,New England Patriots,New York Giants,home,New England Patriots,-3,-115,42.5,-110,2025-07-03T20:03:05Z,New York Giants@New England Patriots
13,New England Patriots,New York Giants,away,New York Giants,3,-105,42.5,-110,2025-07-03T20:03:05Z,New York Giants@New England Patriots
14,Detroit Lions,Dallas Cowboys,away,Dallas Cowboys,6,-105,48.5,-110,2025-07-03T20:03:05Z,Dallas Cowboys@Detroit Lions
14,Detroit Lions,Dallas Cowboys,home,Detroit Lions,-6,-115,48.5,-110,2025-07-03T20:03:05Z,Dallas Cowboys@Detroit Lions
14,Atlanta Falcons,Seattle Seahawks,home,Atlanta Falcons,-1.5,-112,45.5,-108,2025-07-03T20:03:05Z,Seattle Seahawks@Atlanta Falcons
14,Atlanta Falcons,Seattle Seahawks,away,Seattle Seahawks,1.5,-108,45.5,-108,2025-07-03T20:03:05Z,Seattle Seahawks@Atlanta Falcons
14,Baltimore Ravens,Pittsburgh Steelers,home,Baltimore Ravens,-8.75,-5,46.5,-110,2025-07-03T20:03:48Z,Pittsburgh Steelers@Baltimore Ravens
14,Baltimore Ravens,Pittsburgh Steelers,away,Pittsburgh Steelers,8.75,-115,46.5,-110,2025-07-03T20:03:48Z,Pittsburgh Steelers@Baltimore Ravens
14,Green Bay Packers,Chicago Bears,away,Chicago Bears,3.5,-105,46.5,-105,2025-07-03T20:03:05Z,Chicago Bears@Green Bay Packers
14,Green Bay Packers,Chicago Bears,home,Green Bay Packers,-3.5,-115,46.5,-105,2025-07-03T20:03:05Z,Chicago Bears@Green Bay Packers
14,Cleveland Browns,Tennessee Titans,home,Cleveland Browns,-1.25,-112.5,41.5,-110,2025-07-03T20:03:48Z,Tennessee Titans@Cleveland Browns
14,Cleveland Browns,Tennessee Titans,away,Tennessee Titans,1.25,-107.5,41.5,-110,2025-07-03T20:03:48Z,Tennessee Titans@Cleveland Browns
14,Jacksonville Jaguars,Indianapolis Colts,away,Indianapolis Colts,3,-110,46.5,-110,2025-07-03T20:03:48Z,Indianapolis Colts@Jacksonville Jaguars
14,Jacksonville Jaguars,Indianapolis Colts,home,Jacksonville Jaguars,-3,-110,46.5,-110,2025-07-03T20:03:48Z,Indianapolis Colts@Jacksonville Jaguars
14,New York Jets,Miami Dolphins,away,Miami Dolphins,-1.5,-110,43.5,-110,2025-07-03T20:03:05Z,Miami Dolphins@New York Jets
14,New York Jets,Miami Dolphins,home,New York Jets,1.5,-110,43.5,-110,2025-07-03T20:03:05Z,Miami Dolphins@New York Jets
14,Minnesota Vikings,Washington Commanders,home,Minnesota Vikings,1.25,-110,47.5,-110,2025-07-03T20:03:48Z,Washington Commanders@Minnesota Vikings
14,Minnesota Vikings,Washington Commanders,away,Washington Commanders,-1.25,-110,47.5,-110,2025-07-03T20:03:48Z,Washington Commanders@Minnesota Vikings
14,Tampa Bay Buccaneers,New Orleans Saints,away,New Orleans Saints,9.5,-111,45.5,-110,2025-07-03T20:03:48Z,New Orleans Saints@Tampa Bay Buccaneers
14,Tampa Bay Buccaneers,New Orleans Saints,home,Tampa Bay Buccaneers,-9.5,-109,45.5,-110,2025-07-03T20:03:48Z,New Orleans Saints@Tampa Bay Buccaneers
14,Las Vegas Raiders,Denver Broncos,away,Denver Broncos,-3.5,-110,43.5,-110,2025-07-03T20:03:05Z,Denver Broncos@Las Vegas Raiders
14,Las Vegas Raiders,Denver Broncos,home,Las Vegas Raiders,3.5,-110,43.5,-110,2025-07-03T20:03:05Z,Denver Broncos@Las Vegas Raiders
14,Arizona Cardinals,Los Angeles Rams,home,Arizona Cardinals,1.25,-110,47.5,-110,2025-07-03T20:03:48Z,Los Angeles Rams@Arizona Cardinals
14,Arizona Cardinals,Los Angeles Rams,away,Los Angeles Rams,-1.25,-110,47.5,-110,2025-07-03T20:03:48Z,Los Angeles Rams@Arizona Cardinals
14,Buffalo Bills,Cincinnati Bengals,home,Buffalo Bills,-5.5,-110,49.5,-110,2025-07-03T20:03:05Z,Cincinnati Bengals@Buffalo Bills
14,Buffalo Bills,Cincinnati Bengals,away,Cincinnati Bengals,5.5,-110,49.5,-110,2025-07-03T20:03:05Z,Cincinnati Bengals@Buffalo Bills
14,Kansas City Chiefs,Houston Texans,away,Houston Texans,6.5,-110,45.5,-105,2025-07-03T20:03:05Z,Houston Texans@Kansas City Chiefs
14,Kansas City Chiefs,Houston Texans,home,Kansas City Chiefs,-6.5,-110,45.5,-105,2025-07-03T20:03:05Z,Houston Texans@Kansas City Chiefs
14,Los Angeles Chargers,Philadelphia Eagles,home,Los Angeles Chargers,2.5,-110,45.5,-110,2025-07-03T20:03:48Z,Philadelphia Eagles@Los Angeles Chargers
14,Los Angeles Chargers,Philadelphia Eagles,away,Philadelphia Eagles,-2.5,-110,45.5,-110,2025-07-03T20:03:48Z,Philadelphia Eagles@Los Angeles Chargers
15,Tampa Bay Buccaneers,Atlanta Falcons,away,Atlanta Falcons,5.5,-108,47.5,-110,2025-07-03T20:03:05Z,Atlanta Falcons@Tampa Bay Buccaneers
15,Tampa Bay Buccaneers,Atlanta Falcons,home,Tampa Bay Buccaneers,-5.5,-112,47.5,-110,2025-07-03T20:03:05Z,Atlanta Falcons@Tampa Bay Buccaneers
15,Houston Texans,Arizona Cardinals,away,Arizona Cardinals,2.5,-115,45.5,-110,2025-07-03T20:03:05Z,Arizona Cardinals@Houston Texans
15,Houston Texans,Arizona Cardinals,home,Houston Texans,-2.5,-105,45.5,-110,2025-07-03T20:03:05Z,Arizona Cardinals@Houston Texans
15,Cincinnati Bengals,Baltimore Ravens,away,Baltimore Ravens,-2.5,-110,49.5,-110,2025-07-03T20:03:48Z,Baltimore Ravens@Cincinnati Bengals
15,Cincinnati Bengals,Baltimore Ravens,home,Cincinnati Bengals,2.5,-110,49.5,-110,2025-07-03T20:03:48Z,Baltimore Ravens@Cincinnati Bengals
15,New England Patriots,Buffalo Bills,away,Buffalo Bills,-4.5,-110,46.5,-110,2025-07-03T20:03:05Z,Buffalo Bills@New England Patriots
15,New England Patriots,Buffalo Bills,home,New England Patriots,4.5,-110,46.5,-110,2025-07-03T20:03:05Z,Buffalo Bills@New England Patriots
15,Chicago Bears,Cleveland Browns,home,Chicago Bears,-7,-110,42.5,-110,2025-07-03T20:03:05Z,Cleveland Browns@Chicago Bears
15,Chicago Bears,Cleveland Browns,away,Cleveland Browns,7,-110,42.5,-110,2025-07-03T20:03:05Z,Cleveland Browns@Chicago Bears
15,Jacksonville Jaguars,New York Jets,home,Jacksonville Jaguars,-4.5,-110,43.5,-110,2025-07-03T20:03:05Z,New York Jets@Jacksonville Jaguars
15,Jacksonville Jaguars,New York Jets,away,New York Jets,4.5,-110,43.5,-110,2025-07-03T20:03:05Z,New York Jets@Jacksonville Jaguars
15,Kansas City Chiefs,Los Angeles Chargers,home,Kansas City Chiefs,-4.5,-110,45.5,-110,2025-07-03T20:03:48Z,Los Angeles Chargers@Kansas City Chiefs
15,Kansas City Chiefs,Los Angeles Chargers,away,Los Angeles Chargers,4.5,-110,45.5,-110,2025-07-03T20:03:48Z,Los Angeles Chargers@Kansas City Chiefs
15,Philadelphia Eagles,Las Vegas Raiders,away,Las Vegas Raiders,10.5,-110,44.5,-110,2025-07-03T20:03:48Z,Las Vegas Raiders@Philadelphia Eagles
15,Philadelphia Eagles,Las Vegas Raiders,home,Philadelphia Eagles,-10.5,-110,44.5,-110,2025-07-03T20:03:48Z,Las Vegas Raiders@Philadelphia Eagles
15,New York Giants,Washington Commanders,home,New York Giants,4.5,-110,45.5,-110,2025-07-03T20:03:05Z,Washington Commanders@New York Giants
15,New York Giants,Washington Commanders,away,Washington Commanders,-4.5,-110,45.5,-110,2025-07-03T20:03:05Z,Washington Commanders@New York Giants
15,New Orleans Saints,Carolina Panthers,away,Carolina Panthers,-1.25,-111.5,43.5,-110,2025-07-03T20:03:48Z,Carolina Panthers@New Orleans Saints
15,New Orleans Saints,Carolina Panthers,home,New Orleans Saints,1.25,-108.5,43.5,-110,2025-07-03T20:03:48Z,Carolina Panthers@New Orleans Saints
15,Denver Broncos,Green Bay Packers,home,Denver Broncos,-1.5,-110,44.5,-110,2025-07-03T20:03:05Z,Green Bay Packers@Denver Broncos
15,Denver Broncos,Green Bay Packers,away,Green Bay Packers,1.5,-110,44.5,-110,2025-07-03T20:03:05Z,Green Bay Packers@Denver Broncos
15,Los Angeles Rams,Detroit Lions,away,Detroit Lions,-1.5,-105,48.5,-110,2025-07-03T20:03:05Z,Detroit Lions@Los Angeles Rams
15,Los Angeles Rams,Detroit Lions,home,Los Angeles Rams,1.5,-115,48.5,-110,2025-07-03T20:03:05Z,Detroit Lions@Los Angeles Rams
15,Seattle Seahawks,Indianapolis Colts,away,Indianapolis Colts,3.5,-110,44.5,-110,2025-07-03T20:03:48Z,Indianapolis Colts@Seattle Seahawks
15,Seattle Seahawks,Indianapolis Colts,home,Seattle Seahawks,-3.5,-110,44.5,-110,2025-07-03T20:03:48Z,Indianapolis Colts@Seattle Seahawks
15,San Francisco 49ers,Tennessee Titans,home,San Francisco 49ers,-7.5,-110,45.5,-110,2025-07-03T20:03:48Z,Tennessee Titans@San Francisco 49ers
15,San Francisco 49ers,Tennessee Titans,away,Tennessee Titans,7.5,-110,45.5,-110,2025-07-03T20:03:48Z,Tennessee Titans@San Francisco 49ers
15,Dallas Cowboys,Minnesota Vikings,home,Dallas Cowboys,1.5,-115,45.5,-110,2025-07-03T20:03:05Z,Minnesota Vikings@Dallas Cowboys
15,Dallas Cowboys,Minnesota Vikings,away,Minnesota Vikings,-1.5,-105,45.5,-110,2025-07-03T20:03:05Z,Minnesota Vikings@Dallas Cowboys
15,Pittsburgh Steelers,Miami Dolphins,away,Miami Dolphins,2.5,-108,44.5,-110,2025-07-03T20:03:05Z,Miami Dolphins@Pittsburgh Steelers
15,Pittsburgh Steelers,Miami Dolphins,home,Pittsburgh Steelers,-2.5,-112,44.5,-110,2025-07-03T20:03:05Z,Miami Dolphins@Pittsburgh Steelers
16,Seattle Seahawks,Los Angeles Rams,away,Los Angeles Rams,-1.5,-110,44.5,-110,2025-07-03T20:03:05Z,Los Angeles Rams@Seattle Seahawks
16,Seattle Seahawks,Los Angeles Rams,home,Seattle Seahawks,1.5,-110,44.5,-110,2025-07-03T20:03:05Z,Los Angeles Rams@Seattle Seahawks
16,Chicago Bears,Green Bay Packers,home,Chicago Bears,1.5,-110,45.5,-110,2025-07-03T20:03:15Z,Green Bay Packers@Chicago Bears
16,Chicago Bears,Green Bay Packers,away,Green Bay Packers,-1.5,-110,45.5,-110,2025-07-03T20:03:15Z,Green Bay Packers@Chicago Bears
16,Washington Commanders,Philadelphia Eagles,away,Philadelphia Eagles,-1.5,-110,47.5,-107.5,2025-07-03T20:03:48Z,Philadelphia Eagles@Washington Commanders
16,Washington Commanders,Philadelphia Eagles,home,Washington Commanders,1.5,-110,47.5,-107.5,2025-07-03T20:03:48Z,Philadelphia Eagles@Washington Commanders
16,Baltimore Ravens,New England Patriots,home,Baltimore Ravens,-8.75,-5,46.5,-110,2025-07-03T20:03:48Z,New England Patriots@Baltimore Ravens
16,Baltimore Ravens,New England Patriots,away,New England Patriots,8.75,-115,46.5,-110,2025-07-03T20:03:48Z,New England Patriots@Baltimore Ravens
16,Cleveland Browns,Buffalo Bills,away,Buffalo Bills,-8.5,-110,43.5,-110,2025-07-03T20:03:05Z,Buffalo Bills@Cleveland Browns
16,Cleveland Browns,Buffalo Bills,home,Cleveland Browns,8.5,-110,43.5,-110,2025-07-03T20:03:05Z,Buffalo Bills@Cleveland Browns
16,Dallas Cowboys,Los Angeles Chargers,home,Dallas Cowboys,1.5,-110,46.5,-110,2025-07-03T20:03:05Z,Los Angeles Chargers@Dallas Cowboys
16,Dallas Cowboys,Los Angeles Chargers,away,Los Angeles Chargers,-1.5,-110,46.5,-110,2025-07-03T20:03:05Z,Los Angeles Chargers@Dallas Cowboys
16,Tennessee Titans,Kansas City Chiefs,away,Kansas City Chiefs,-7,-120,44.5,-110,2025-07-03T20:03:48Z,Kansas City Chiefs@Tennessee Titans
16,Tennessee Titans,Kansas City Chiefs,home,Tennessee Titans,7,100,44.5,-110,2025-07-03T20:03:48Z,Kansas City Chiefs@Tennessee Titans
16,New York Giants,Minnesota Vikings,away,Minnesota Vikings,-2.5,-110,42.5,-110,2025-07-03T20:03:05Z,Minnesota Vikings@New York Giants
16,New York Giants,Minnesota Vikings,home,New York Giants,2.5,-110,42.5,-110,2025-07-03T20:03:05Z,Minnesota Vikings@New York Giants
16,New Orleans Saints,New York Jets,home,New Orleans Saints,-1.5,-110,41.5,-110,2025-07-03T20:03:05Z,New York Jets@New Orleans Saints
16,New Orleans Saints,New York Jets,away,New York Jets,1.5,-110,41.5,-110,2025-07-03T20:03:05Z,New York Jets@New Orleans Saints
16,Arizona Cardinals,Atlanta Falcons,home,Arizona Cardinals,-3.5,-110,46.5,-110,2025-07-03T20:03:05Z,Atlanta Falcons@Arizona Cardinals
16,Arizona Cardinals,Atlanta Falcons,away,Atlanta Falcons,3.5,-110,46.5,-110,2025-07-03T20:03:05Z,Atlanta Falcons@Arizona Cardinals
16,Denver Broncos,Jacksonville Jaguars,home,Denver Broncos,-5.5,-110,45.5,-110,2025-07-03T20:03:05Z,Jacksonville Jaguars@Denver Broncos
16,Denver Broncos,Jacksonville Jaguars,away,Jacksonville Jaguars,5.5,-110,45.5,-110,2025-07-03T20:03:05Z,Jacksonville Jaguars@Denver Broncos
16,Detroit Lions,Pittsburgh Steelers,home,Detroit Lions,-6,-110,45.5,-110,2025-07-03T20:03:05Z,Pittsburgh Steelers@Detroit Lions
16,Detroit Lions,Pittsburgh Steelers,away,Pittsburgh Steelers,6,-110,45.5,-110,2025-07-03T20:03:05Z,Pittsburgh Steelers@Detroit Lions
16,Houston Texans,Las Vegas Raiders,home,Houston Texans,-4.5,-110,43.5,-110,2025-07-03T20:03:05Z,Las Vegas Raiders@Houston Texans
16,Houston Texans,Las Vegas Raiders,away,Las Vegas Raiders,4.5,-110,43.5,-110,2025-07-03T20:03:05Z,Las Vegas Raiders@Houston Texans
16,Miami Dolphins,Cincinnati Bengals,away,Cincinnati Bengals,-1.5,-110,48.5,-110,2025-07-03T20:03:05Z,Cincinnati Bengals@Miami Dolphins
16,Miami Dolphins,Cincinnati Bengals,home,Miami Dolphins,1.5,-110,48.5,-110,2025-07-03T20:03:05Z,Cincinnati Bengals@Miami Dolphins
16,Indianapolis Colts,San Francisco 49ers,home,Indianapolis Colts,3,-105,46.5,-110,2025-07-03T20:03:48Z,San Francisco 49ers@Indianapolis Colts
16,Indianapolis Colts,San Francisco 49ers,away,San Francisco 49ers,-3,-115,46.5,-110,2025-07-03T20:03:48Z,San Francisco 49ers@Indianapolis Colts
17,Washington Commanders,Dallas Cowboys,away,Dallas Cowboys,5.5,-110,48.5,-110,2025-07-03T20:03:43Z,Dallas Cowboys@Washington Commanders
17,Washington Commanders,Dallas Cowboys,home,Washington Commanders,-5.5,-110,48.5,-110,2025-07-03T20:03:43Z,Dallas Cowboys@Washington Commanders
17,Minnesota Vikings,Detroit Lions,away,Detroit Lions,-2.5,-110,46.5,-110,2025-07-03T20:03:43Z,Detroit Lions@Minnesota Vikings
17,Minnesota Vikings,Detroit Lions,home,Minnesota Vikings,2.5,-110,46.5,-110,2025-07-03T20:03:43Z,Detroit Lions@Minnesota Vikings
17,Kansas City Chiefs,Denver Broncos,away,Denver Broncos,4.5,-110,44.5,-107.5,2025-07-03T20:03:15Z,Denver Broncos@Kansas City Chiefs
17,Kansas City Chiefs,Denver Broncos,home,Kansas City Chiefs,-4.5,-110,44.5,-107.5,2025-07-03T20:03:15Z,Denver Broncos@Kansas City Chiefs
17,Cincinnati Bengals,Arizona Cardinals,away,Arizona Cardinals,3.5,-110,47.5,-110,2025-07-03T20:03:48Z,Arizona Cardinals@Cincinnati Bengals
17,Cincinnati Bengals,Arizona Cardinals,home,Cincinnati Bengals,-3.5,-110,47.5,-110,2025-07-03T20:03:48Z,Arizona Cardinals@Cincinnati Bengals
17,Green Bay Packers,Baltimore Ravens,away,Baltimore Ravens,-1.25,-112.5,46.5,-110,2025-07-03T20:03:48Z,Baltimore Ravens@Green Bay Packers
17,Green Bay Packers,Baltimore Ravens,home,Green Bay Packers,1.25,-107.5,46.5,-110,2025-07-03T20:03:48Z,Baltimore Ravens@Green Bay Packers
17,Carolina Panthers,Seattle Seahawks,home,Carolina Panthers,1.25,-107.5,43.5,-115,2025-07-03T20:03:48Z,Seattle Seahawks@Carolina Panthers
17,Carolina Panthers,Seattle Seahawks,away,Seattle Seahawks,-1.25,-112.5,43.5,-115,2025-07-03T20:03:48Z,Seattle Seahawks@Carolina Panthers
17,Cleveland Browns,Pittsburgh Steelers,home,Cleveland Browns,2.5,-110,40.5,-110,2025-07-03T20:03:48Z,Pittsburgh Steelers@Cleveland Browns
17,Cleveland Browns,Pittsburgh Steelers,away,Pittsburgh Steelers,-2.5,-110,40.5,-110,2025-07-03T20:03:48Z,Pittsburgh Steelers@Cleveland Browns
17,Los Angeles Chargers,Houston Texans,away,Houston Texans,3.5,-110,43.5,-110,2025-07-03T20:03:05Z,Houston Texans@Los Angeles Chargers
17,Los Angeles Chargers,Houston Texans,home,Los Angeles Chargers,-3.5,-110,43.5,-110,2025-07-03T20:03:05Z,Houston Texans@Los Angeles Chargers
17,Indianapolis Colts,Jacksonville Jaguars,home,Indianapolis Colts,-1.25,-111.5,45.5,-110,2025-07-03T20:03:48Z,Jacksonville Jaguars@Indianapolis Colts
17,Indianapolis Colts,Jacksonville Jaguars,away,Jacksonville Jaguars,1.25,-108.5,45.5,-110,2025-07-03T20:03:48Z,Jacksonville Jaguars@Indianapolis Colts
17,Miami Dolphins,Tampa Bay Buccaneers,home,Miami Dolphins,1.5,-110,47.5,-110,2025-07-03T20:03:05Z,Tampa Bay Buccaneers@Miami Dolphins
17,Miami Dolphins,Tampa Bay Buccaneers,away,Tampa Bay Buccaneers,-1.5,-110,47.5,-110,2025-07-03T20:03:05Z,Tampa Bay Buccaneers@Miami Dolphins
17,New York Jets,New England Patriots,away,New England Patriots,-1.5,-110,41.5,-110,2025-07-03T20:03:05Z,New England Patriots@New York Jets
17,New York Jets,New England Patriots,home,New York Jets,1.5,-110,41.5,-110,2025-07-03T20:03:05Z,New England Patriots@New York Jets
17,Tennessee Titans,New Orleans Saints,away,New Orleans Saints,3.5,-115,42.5,-110,2025-07-03T20:03:48Z,New Orleans Saints@Tennessee Titans
17,Tennessee Titans,New Orleans Saints,home,Tennessee Titans,-3.5,-105,42.5,-110,2025-07-03T20:03:48Z,New Orleans Saints@Tennessee Titans
17,Buffalo Bills,Philadelphia Eagles,home,Buffalo Bills,-1.5,-110,46.5,-110,2025-07-03T20:03:05Z,Philadelphia Eagles@Buffalo Bills
17,Buffalo Bills,Philadelphia Eagles,away,Philadelphia Eagles,1.5,-110,46.5,-110,2025-07-03T20:03:05Z,Philadelphia Eagles@Buffalo Bills
17,Las Vegas Raiders,New York Giants,home,Las Vegas Raiders,-2.5,-110,42.5,-110,2025-07-03T20:03:05Z,New York Giants@Las Vegas Raiders
17,Las Vegas Raiders,New York Giants,away,New York Giants,2.5,-110,42.5,-110,2025-07-03T20:03:05Z,New York Giants@Las Vegas Raiders
17,San Francisco 49ers,Chicago Bears,away,Chicago Bears,3.5,-110,46.5,-110,2025-07-03T20:03:05Z,Chicago Bears@San Francisco 49ers
17,San Francisco 49ers,Chicago Bears,home,San Francisco 49ers,-3.5,-110,46.5,-110,2025-07-03T20:03:05Z,Chicago Bears@San Francisco 49ers
17,Atlanta Falcons,Los Angeles Rams,home,Atlanta Falcons,3,-110,46.5,-110,2025-07-03T20:03:05Z,Los Angeles Rams@Atlanta Falcons
17,Atlanta Falcons,Los Angeles Rams,away,Los Angeles Rams,-3,-110,46.5,-110,2025-07-03T20:03:05Z,Los Angeles Rams@Atlanta Falcons
18,Los Angeles Rams,Arizona Cardinals,away,Arizona Cardinals,4,-110,45.5,-110,2025-07-03T20:03:48Z,Arizona Cardinals@Los Angeles Rams
18,Los Angeles Rams,Arizona Cardinals,home,Los Angeles Rams,-4,-110,45.5,-110,2025-07-03T20:03:48Z,Arizona Cardinals@Los Angeles Rams
18,Atlanta Falcons,New Orleans Saints,NA,Atlanta Falcons,-4.5,-115,NA,NA,2025-07-03T20:03:05Z,New Orleans Saints@Atlanta Falcons
18,Atlanta Falcons,New Orleans Saints,NA,New Orleans Saints,4.5,-105,NA,NA,2025-07-03T20:03:05Z,New Orleans Saints@Atlanta Falcons
18,Pittsburgh Steelers,Baltimore Ravens,NA,Baltimore Ravens,-4.5,-110,NA,NA,2025-07-03T20:03:48Z,Baltimore Ravens@Pittsburgh Steelers
18,Pittsburgh Steelers,Baltimore Ravens,NA,Pittsburgh Steelers,4.5,-110,NA,NA,2025-07-03T20:03:48Z,Baltimore Ravens@Pittsburgh Steelers
18,Buffalo Bills,New York Jets,NA,Buffalo Bills,-9.5,-110,NA,NA,2025-07-03T20:03:05Z,New York Jets@Buffalo Bills
18,Buffalo Bills,New York Jets,NA,New York Jets,9.5,-110,NA,NA,2025-07-03T20:03:05Z,New York Jets@Buffalo Bills
18,Tampa Bay Buccaneers,Carolina Panthers,NA,Carolina Panthers,7,-115,NA,NA,2025-07-03T20:03:48Z,Carolina Panthers@Tampa Bay Buccaneers
18,Tampa Bay Buccaneers,Carolina Panthers,NA,Tampa Bay Buccaneers,-7,-105,NA,NA,2025-07-03T20:03:48Z,Carolina Panthers@Tampa Bay Buccaneers
18,Chicago Bears,Detroit Lions,NA,Chicago Bears,1.5,-110,NA,NA,2025-07-03T20:03:05Z,Detroit Lions@Chicago Bears
18,Chicago Bears,Detroit Lions,NA,Detroit Lions,-1.5,-110,NA,NA,2025-07-03T20:03:05Z,Detroit Lions@Chicago Bears
18,Cincinnati Bengals,Cleveland Browns,NA,Cincinnati Bengals,-8.75,-5,NA,NA,2025-07-03T20:03:48Z,Cleveland Browns@Cincinnati Bengals
18,Cincinnati Bengals,Cleveland Browns,NA,Cleveland Browns,8.75,-115,NA,NA,2025-07-03T20:03:48Z,Cleveland Browns@Cincinnati Bengals
18,New York Giants,Dallas Cowboys,NA,Dallas Cowboys,-1.5,-110,NA,NA,2025-07-03T20:03:05Z,Dallas Cowboys@New York Giants
18,New York Giants,Dallas Cowboys,NA,New York Giants,1.5,-110,NA,NA,2025-07-03T20:03:05Z,Dallas Cowboys@New York Giants
18,Minnesota Vikings,Green Bay Packers,NA,Green Bay Packers,-1.25,-110,NA,NA,2025-07-03T20:03:48Z,Green Bay Packers@Minnesota Vikings
18,Minnesota Vikings,Green Bay Packers,NA,Minnesota Vikings,1.25,-110,NA,NA,2025-07-03T20:03:48Z,Green Bay Packers@Minnesota Vikings
18,Houston Texans,Indianapolis Colts,NA,Houston Texans,-4.5,-110,NA,NA,2025-07-03T20:03:05Z,Indianapolis Colts@Houston Texans
18,Houston Texans,Indianapolis Colts,NA,Indianapolis Colts,4.5,-110,NA,NA,2025-07-03T20:03:05Z,Indianapolis Colts@Houston Texans
18,Jacksonville Jaguars,Tennessee Titans,NA,Jacksonville Jaguars,-4.5,-110,NA,NA,2025-07-03T20:03:48Z,Tennessee Titans@Jacksonville Jaguars
18,Jacksonville Jaguars,Tennessee Titans,NA,Tennessee Titans,4.5,-110,NA,NA,2025-07-03T20:03:48Z,Tennessee Titans@Jacksonville Jaguars
18,Las Vegas Raiders,Kansas City Chiefs,NA,Kansas City Chiefs,-6,-110,NA,NA,2025-07-03T20:03:48Z,Kansas City Chiefs@Las Vegas Raiders
18,Las Vegas Raiders,Kansas City Chiefs,NA,Las Vegas Raiders,6,-110,NA,NA,2025-07-03T20:03:48Z,Kansas City Chiefs@Las Vegas Raiders
18,New England Patriots,Miami Dolphins,NA,Miami Dolphins,2.5,-110,NA,NA,2025-07-03T20:03:05Z,Miami Dolphins@New England Patriots
18,New England Patriots,Miami Dolphins,NA,New England Patriots,-2.5,-110,NA,NA,2025-07-03T20:03:05Z,Miami Dolphins@New England Patriots
18,Philadelphia Eagles,Washington Commanders,NA,Philadelphia Eagles,-4.5,-110,NA,NA,2025-07-03T20:03:48Z,Washington Commanders@Philadelphia Eagles
18,Philadelphia Eagles,Washington Commanders,NA,Washington Commanders,4.5,-110,NA,NA,2025-07-03T20:03:48Z,Washington Commanders@Philadelphia Eagles
18,San Francisco 49ers,Seattle Seahawks,home,San Francisco 49ers,-4.5,-110,44.5,-115,2025-07-03T20:03:48Z,Seattle Seahawks@San Francisco 49ers
18,San Francisco 49ers,Seattle Seahawks,away,Seattle Seahawks,4.5,-110,44.5,-115,2025-07-03T20:03:48Z,Seattle Seahawks@San Francisco 49ers
18,Denver Broncos,Los Angeles Chargers,NA,Denver Broncos,-2.5,-110,NA,NA,2025-07-03T20:03:05Z,Los Angeles Chargers@Denver Broncos
18,Denver Broncos,Los Angeles Chargers,NA,Los Angeles Chargers,2.5,-110,NA,NA,2025-07-03T20:03:05Z,Los Angeles Chargers@Denver Broncos
